PROVIDER;DESCRIPTION;ACCOUNTID;REGION;ASSESSMENTDATE;REQUIREMENTS_ID;REQUIREMENTS_DESCRIPTION;REQUIREMENTS_ATTRIBUTES_SECTION;REQUIREMENTS_ATTRIBUTES_SUBSECTION;REQUIREMENTS_ATTRIBUTES_SUBGROUP;REQUIREMENTS_ATTRIBUTES_SERVICE;REQUIREMENTS_ATTRIBUTES_TYPE;STATUS;STATUSEXTENDED;RESOURCEID;CHECKID;MUTED;RESOURCENAME
aws;The Reserve Bank had prescribed a set of baseline cyber security controls for primary (Urban) cooperative banks (UCBs) in October 2018. On further examination, it has been decided to prescribe a comprehensive cyber security framework for the UCBs, as a graded approach, based on their digital depth and interconnectedness with the payment systems landscape, digital products offered by them and assessment of cyber security risk. The framework would mandate implementation of progressively stronger security measures based on the nature, variety and scale of digital product offerings of banks.;980921724959;us-east-1;2025-07-12 04:34:04.543013;annex_i_1_3;Appropriately manage and provide protection within and outside UCB/network, keeping in mind how the data/information is stored, transmitted, processed, accessed and put to use within/outside the UCB’s network, and level of risk they are exposed to depending on the sensitivity of the data/information.;;;;aws;;PASS;ACM Certificate 7bf9b568-0935-4b90-996f-5d529966aae7 for ramana.tech expires in 256 days.;arn:aws:acm:us-east-1:980921724959:certificate/7bf9b568-0935-4b90-996f-5d529966aae7;acm_certificates_expiration_check;False;7bf9b568-0935-4b90-996f-5d529966aae7
aws;The Reserve Bank had prescribed a set of baseline cyber security controls for primary (Urban) cooperative banks (UCBs) in October 2018. On further examination, it has been decided to prescribe a comprehensive cyber security framework for the UCBs, as a graded approach, based on their digital depth and interconnectedness with the payment systems landscape, digital products offered by them and assessment of cyber security risk. The framework would mandate implementation of progressively stronger security measures based on the nature, variety and scale of digital product offerings of banks.;980921724959;us-east-1;2025-07-12 04:34:04.543013;annex_i_1_3;Appropriately manage and provide protection within and outside UCB/network, keeping in mind how the data/information is stored, transmitted, processed, accessed and put to use within/outside the UCB’s network, and level of risk they are exposed to depending on the sensitivity of the data/information.;;;;aws;;PASS;ACM Certificate 46c27bff-3bbc-4874-bb6b-20504aa3ba04 for *.deepdefence.co expires in 374 days.;arn:aws:acm:us-east-1:980921724959:certificate/46c27bff-3bbc-4874-bb6b-20504aa3ba04;acm_certificates_expiration_check;False;46c27bff-3bbc-4874-bb6b-20504aa3ba04
aws;The Reserve Bank had prescribed a set of baseline cyber security controls for primary (Urban) cooperative banks (UCBs) in October 2018. On further examination, it has been decided to prescribe a comprehensive cyber security framework for the UCBs, as a graded approach, based on their digital depth and interconnectedness with the payment systems landscape, digital products offered by them and assessment of cyber security risk. The framework would mandate implementation of progressively stronger security measures based on the nature, variety and scale of digital product offerings of banks.;980921724959;us-east-1;2025-07-12 04:34:04.543013;annex_i_1_3;Appropriately manage and provide protection within and outside UCB/network, keeping in mind how the data/information is stored, transmitted, processed, accessed and put to use within/outside the UCB’s network, and level of risk they are exposed to depending on the sensitivity of the data/information.;;;;aws;;FAIL;Lambda function getExpirationDate has a resource-based policy with public access.;arn:aws:lambda:us-east-1:980921724959:function:getExpirationDate;awslambda_function_not_publicly_accessible;False;getExpirationDate
aws;The Reserve Bank had prescribed a set of baseline cyber security controls for primary (Urban) cooperative banks (UCBs) in October 2018. On further examination, it has been decided to prescribe a comprehensive cyber security framework for the UCBs, as a graded approach, based on their digital depth and interconnectedness with the payment systems landscape, digital products offered by them and assessment of cyber security risk. The framework would mandate implementation of progressively stronger security measures based on the nature, variety and scale of digital product offerings of banks.;980921724959;us-east-1;2025-07-12 04:34:04.543013;annex_i_1_3;Appropriately manage and provide protection within and outside UCB/network, keeping in mind how the data/information is stored, transmitted, processed, accessed and put to use within/outside the UCB’s network, and level of risk they are exposed to depending on the sensitivity of the data/information.;;;;aws;;FAIL;Lambda function contactSubmit has a resource-based policy with public access.;arn:aws:lambda:us-east-1:980921724959:function:contactSubmit;awslambda_function_not_publicly_accessible;False;contactSubmit
aws;The Reserve Bank had prescribed a set of baseline cyber security controls for primary (Urban) cooperative banks (UCBs) in October 2018. On further examination, it has been decided to prescribe a comprehensive cyber security framework for the UCBs, as a graded approach, based on their digital depth and interconnectedness with the payment systems landscape, digital products offered by them and assessment of cyber security risk. The framework would mandate implementation of progressively stronger security measures based on the nature, variety and scale of digital product offerings of banks.;980921724959;us-east-1;2025-07-12 04:34:04.543013;annex_i_1_3;Appropriately manage and provide protection within and outside UCB/network, keeping in mind how the data/information is stored, transmitted, processed, accessed and put to use within/outside the UCB’s network, and level of risk they are exposed to depending on the sensitivity of the data/information.;;;;aws;;FAIL;Lambda function getExpirationDate has a publicly accessible function URL.;arn:aws:lambda:us-east-1:980921724959:function:getExpirationDate;awslambda_function_url_public;False;getExpirationDate
aws;The Reserve Bank had prescribed a set of baseline cyber security controls for primary (Urban) cooperative banks (UCBs) in October 2018. On further examination, it has been decided to prescribe a comprehensive cyber security framework for the UCBs, as a graded approach, based on their digital depth and interconnectedness with the payment systems landscape, digital products offered by them and assessment of cyber security risk. The framework would mandate implementation of progressively stronger security measures based on the nature, variety and scale of digital product offerings of banks.;980921724959;us-east-1;2025-07-12 04:34:04.543013;annex_i_1_3;Appropriately manage and provide protection within and outside UCB/network, keeping in mind how the data/information is stored, transmitted, processed, accessed and put to use within/outside the UCB’s network, and level of risk they are exposed to depending on the sensitivity of the data/information.;;;;aws;;FAIL;Lambda function contactSubmit has a publicly accessible function URL.;arn:aws:lambda:us-east-1:980921724959:function:contactSubmit;awslambda_function_url_public;False;contactSubmit
aws;The Reserve Bank had prescribed a set of baseline cyber security controls for primary (Urban) cooperative banks (UCBs) in October 2018. On further examination, it has been decided to prescribe a comprehensive cyber security framework for the UCBs, as a graded approach, based on their digital depth and interconnectedness with the payment systems landscape, digital products offered by them and assessment of cyber security risk. The framework would mandate implementation of progressively stronger security measures based on the nature, variety and scale of digital product offerings of banks.;980921724959;us-east-1;2025-07-12 04:34:04.543013;annex_i_7_4;Implement appropriate (e.g. centralised) systems and controls to allow, manage, log and monitor privileged/super user/administrative access to critical systems (servers/databases, applications, network devices etc.);;;;aws;;FAIL;No CloudTrail trails enabled with logging were found.;arn:aws:cloudtrail:us-east-1:980921724959:trail;cloudtrail_multi_region_enabled;False;980921724959
aws;The Reserve Bank had prescribed a set of baseline cyber security controls for primary (Urban) cooperative banks (UCBs) in October 2018. On further examination, it has been decided to prescribe a comprehensive cyber security framework for the UCBs, as a graded approach, based on their digital depth and interconnectedness with the payment systems landscape, digital products offered by them and assessment of cyber security risk. The framework would mandate implementation of progressively stronger security measures based on the nature, variety and scale of digital product offerings of banks.;980921724959;us-east-1;2025-07-12 04:34:04.543013;annex_i_7_4;Implement appropriate (e.g. centralised) systems and controls to allow, manage, log and monitor privileged/super user/administrative access to critical systems (servers/databases, applications, network devices etc.);;;;aws;;FAIL;No CloudTrail trails have a data event to record all S3 object-level API operations.;arn:aws:cloudtrail:us-east-1:980921724959:trail;cloudtrail_s3_dataevents_read_enabled;False;980921724959
aws;The Reserve Bank had prescribed a set of baseline cyber security controls for primary (Urban) cooperative banks (UCBs) in October 2018. On further examination, it has been decided to prescribe a comprehensive cyber security framework for the UCBs, as a graded approach, based on their digital depth and interconnectedness with the payment systems landscape, digital products offered by them and assessment of cyber security risk. The framework would mandate implementation of progressively stronger security measures based on the nature, variety and scale of digital product offerings of banks.;980921724959;us-east-1;2025-07-12 04:34:04.543013;annex_i_7_4;Implement appropriate (e.g. centralised) systems and controls to allow, manage, log and monitor privileged/super user/administrative access to critical systems (servers/databases, applications, network devices etc.);;;;aws;;FAIL;No CloudTrail trails have a data event to record all S3 object-level API operations.;arn:aws:cloudtrail:us-east-1:980921724959:trail;cloudtrail_s3_dataevents_write_enabled;False;980921724959
aws;The Reserve Bank had prescribed a set of baseline cyber security controls for primary (Urban) cooperative banks (UCBs) in October 2018. On further examination, it has been decided to prescribe a comprehensive cyber security framework for the UCBs, as a graded approach, based on their digital depth and interconnectedness with the payment systems landscape, digital products offered by them and assessment of cyber security risk. The framework would mandate implementation of progressively stronger security measures based on the nature, variety and scale of digital product offerings of banks.;980921724959;us-east-1;2025-07-12 04:34:04.543013;annex_i_1_3;Appropriately manage and provide protection within and outside UCB/network, keeping in mind how the data/information is stored, transmitted, processed, accessed and put to use within/outside the UCB’s network, and level of risk they are exposed to depending on the sensitivity of the data/information.;;;;aws;;FAIL;Log Group /aws/lambda/contactSubmit does not have AWS KMS keys associated.;arn:aws:logs:us-east-1:980921724959:log-group:/aws/lambda/contactSubmit:*;cloudwatch_log_group_kms_encryption_enabled;False;/aws/lambda/contactSubmit
aws;The Reserve Bank had prescribed a set of baseline cyber security controls for primary (Urban) cooperative banks (UCBs) in October 2018. On further examination, it has been decided to prescribe a comprehensive cyber security framework for the UCBs, as a graded approach, based on their digital depth and interconnectedness with the payment systems landscape, digital products offered by them and assessment of cyber security risk. The framework would mandate implementation of progressively stronger security measures based on the nature, variety and scale of digital product offerings of banks.;980921724959;us-east-1;2025-07-12 04:34:04.543013;annex_i_1_3;Appropriately manage and provide protection within and outside UCB/network, keeping in mind how the data/information is stored, transmitted, processed, accessed and put to use within/outside the UCB’s network, and level of risk they are exposed to depending on the sensitivity of the data/information.;;;;aws;;FAIL;Log Group /aws/lambda/getExpirationDate does not have AWS KMS keys associated.;arn:aws:logs:us-east-1:980921724959:log-group:/aws/lambda/getExpirationDate:*;cloudwatch_log_group_kms_encryption_enabled;False;/aws/lambda/getExpirationDate
aws;The Reserve Bank had prescribed a set of baseline cyber security controls for primary (Urban) cooperative banks (UCBs) in October 2018. On further examination, it has been decided to prescribe a comprehensive cyber security framework for the UCBs, as a graded approach, based on their digital depth and interconnectedness with the payment systems landscape, digital products offered by them and assessment of cyber security risk. The framework would mandate implementation of progressively stronger security measures based on the nature, variety and scale of digital product offerings of banks.;980921724959;us-east-1;2025-07-12 04:34:04.543013;annex_i_7_4;Implement appropriate (e.g. centralised) systems and controls to allow, manage, log and monitor privileged/super user/administrative access to critical systems (servers/databases, applications, network devices etc.);;;;aws;;FAIL;Log Group /aws/lambda/contactSubmit has less than 365 days retention period (3 days).;arn:aws:logs:us-east-1:980921724959:log-group:/aws/lambda/contactSubmit:*;cloudwatch_log_group_retention_policy_specific_days_enabled;False;/aws/lambda/contactSubmit
aws;The Reserve Bank had prescribed a set of baseline cyber security controls for primary (Urban) cooperative banks (UCBs) in October 2018. On further examination, it has been decided to prescribe a comprehensive cyber security framework for the UCBs, as a graded approach, based on their digital depth and interconnectedness with the payment systems landscape, digital products offered by them and assessment of cyber security risk. The framework would mandate implementation of progressively stronger security measures based on the nature, variety and scale of digital product offerings of banks.;980921724959;us-east-1;2025-07-12 04:34:04.543013;annex_i_7_4;Implement appropriate (e.g. centralised) systems and controls to allow, manage, log and monitor privileged/super user/administrative access to critical systems (servers/databases, applications, network devices etc.);;;;aws;;FAIL;Log Group /aws/lambda/getExpirationDate has less than 365 days retention period (3 days).;arn:aws:logs:us-east-1:980921724959:log-group:/aws/lambda/getExpirationDate:*;cloudwatch_log_group_retention_policy_specific_days_enabled;False;/aws/lambda/getExpirationDate
aws;The Reserve Bank had prescribed a set of baseline cyber security controls for primary (Urban) cooperative banks (UCBs) in October 2018. On further examination, it has been decided to prescribe a comprehensive cyber security framework for the UCBs, as a graded approach, based on their digital depth and interconnectedness with the payment systems landscape, digital products offered by them and assessment of cyber security risk. The framework would mandate implementation of progressively stronger security measures based on the nature, variety and scale of digital product offerings of banks.;980921724959;us-east-1;2025-07-12 04:34:04.543013;annex_i_1_3;Appropriately manage and provide protection within and outside UCB/network, keeping in mind how the data/information is stored, transmitted, processed, accessed and put to use within/outside the UCB’s network, and level of risk they are exposed to depending on the sensitivity of the data/information.;;;;aws;;PASS;EBS Snapshot snap-0bb98c9d5d5867c94 is not Public.;arn:aws:ec2:us-east-1:980921724959:snapshot/snap-0bb98c9d5d5867c94;ec2_ebs_public_snapshot;False;snap-0bb98c9d5d5867c94
aws;The Reserve Bank had prescribed a set of baseline cyber security controls for primary (Urban) cooperative banks (UCBs) in October 2018. On further examination, it has been decided to prescribe a comprehensive cyber security framework for the UCBs, as a graded approach, based on their digital depth and interconnectedness with the payment systems landscape, digital products offered by them and assessment of cyber security risk. The framework would mandate implementation of progressively stronger security measures based on the nature, variety and scale of digital product offerings of banks.;980921724959;us-east-1;2025-07-12 04:34:04.543013;annex_i_1_3;Appropriately manage and provide protection within and outside UCB/network, keeping in mind how the data/information is stored, transmitted, processed, accessed and put to use within/outside the UCB’s network, and level of risk they are exposed to depending on the sensitivity of the data/information.;;;;aws;;FAIL;Network ACL acl-07b85ea5a86248ec3 has every port open to the Internet.;arn:aws:ec2:us-east-1:980921724959:network-acl/acl-07b85ea5a86248ec3;ec2_networkacl_allow_ingress_any_port;False;acl-07b85ea5a86248ec3
aws;The Reserve Bank had prescribed a set of baseline cyber security controls for primary (Urban) cooperative banks (UCBs) in October 2018. On further examination, it has been decided to prescribe a comprehensive cyber security framework for the UCBs, as a graded approach, based on their digital depth and interconnectedness with the payment systems landscape, digital products offered by them and assessment of cyber security risk. The framework would mandate implementation of progressively stronger security measures based on the nature, variety and scale of digital product offerings of banks.;980921724959;us-east-1;2025-07-12 04:34:04.543013;annex_i_5_1;The firewall configurations should be set to the highest security level and evaluation of critical device (such as firewall, network switches, security devices, etc.) configurations should be done periodically.;;;;aws;;FAIL;Network ACL acl-07b85ea5a86248ec3 has every port open to the Internet.;arn:aws:ec2:us-east-1:980921724959:network-acl/acl-07b85ea5a86248ec3;ec2_networkacl_allow_ingress_any_port;False;acl-07b85ea5a86248ec3
aws;The Reserve Bank had prescribed a set of baseline cyber security controls for primary (Urban) cooperative banks (UCBs) in October 2018. On further examination, it has been decided to prescribe a comprehensive cyber security framework for the UCBs, as a graded approach, based on their digital depth and interconnectedness with the payment systems landscape, digital products offered by them and assessment of cyber security risk. The framework would mandate implementation of progressively stronger security measures based on the nature, variety and scale of digital product offerings of banks.;980921724959;us-east-1;2025-07-12 04:34:04.543013;annex_i_7_1;Disallow administrative rights on end-user workstations/PCs/laptops and provide access rights on a ‘need to know’ and ‘need to do’ basis.;;;;iam;;PASS;AWS policy AWSTrustedAdvisorServiceRolePolicy is attached but does not allow '*:*' administrative privileges.;arn:aws:iam::aws:policy/aws-service-role/AWSTrustedAdvisorServiceRolePolicy;iam_aws_attached_policy_no_administrative_privileges;False;AWSTrustedAdvisorServiceRolePolicy
aws;The Reserve Bank had prescribed a set of baseline cyber security controls for primary (Urban) cooperative banks (UCBs) in October 2018. On further examination, it has been decided to prescribe a comprehensive cyber security framework for the UCBs, as a graded approach, based on their digital depth and interconnectedness with the payment systems landscape, digital products offered by them and assessment of cyber security risk. The framework would mandate implementation of progressively stronger security measures based on the nature, variety and scale of digital product offerings of banks.;980921724959;us-east-1;2025-07-12 04:34:04.543013;annex_i_7_1;Disallow administrative rights on end-user workstations/PCs/laptops and provide access rights on a ‘need to know’ and ‘need to do’ basis.;;;;iam;;FAIL;AWS policy AdministratorAccess is attached and allows '*:*' administrative privileges.;arn:aws:iam::aws:policy/AdministratorAccess;iam_aws_attached_policy_no_administrative_privileges;False;AdministratorAccess
aws;The Reserve Bank had prescribed a set of baseline cyber security controls for primary (Urban) cooperative banks (UCBs) in October 2018. On further examination, it has been decided to prescribe a comprehensive cyber security framework for the UCBs, as a graded approach, based on their digital depth and interconnectedness with the payment systems landscape, digital products offered by them and assessment of cyber security risk. The framework would mandate implementation of progressively stronger security measures based on the nature, variety and scale of digital product offerings of banks.;980921724959;us-east-1;2025-07-12 04:34:04.543013;annex_i_7_1;Disallow administrative rights on end-user workstations/PCs/laptops and provide access rights on a ‘need to know’ and ‘need to do’ basis.;;;;iam;;PASS;AWS policy AWSSupportServiceRolePolicy is attached but does not allow '*:*' administrative privileges.;arn:aws:iam::aws:policy/aws-service-role/AWSSupportServiceRolePolicy;iam_aws_attached_policy_no_administrative_privileges;False;AWSSupportServiceRolePolicy
aws;The Reserve Bank had prescribed a set of baseline cyber security controls for primary (Urban) cooperative banks (UCBs) in October 2018. On further examination, it has been decided to prescribe a comprehensive cyber security framework for the UCBs, as a graded approach, based on their digital depth and interconnectedness with the payment systems landscape, digital products offered by them and assessment of cyber security risk. The framework would mandate implementation of progressively stronger security measures based on the nature, variety and scale of digital product offerings of banks.;980921724959;us-east-1;2025-07-12 04:34:04.543013;annex_i_7_1;Disallow administrative rights on end-user workstations/PCs/laptops and provide access rights on a ‘need to know’ and ‘need to do’ basis.;;;;iam;;PASS;Custom policy AWSLambdaBasicExecutionRole-8148220f-b4ab-4a53-b85a-eac887f8b176 is attached but does not allow '*:*' administrative privileges.;arn:aws:iam::980921724959:policy/service-role/AWSLambdaBasicExecutionRole-8148220f-b4ab-4a53-b85a-eac887f8b176;iam_customer_attached_policy_no_administrative_privileges;False;AWSLambdaBasicExecutionRole-8148220f-b4ab-4a53-b85a-eac887f8b176
aws;The Reserve Bank had prescribed a set of baseline cyber security controls for primary (Urban) cooperative banks (UCBs) in October 2018. On further examination, it has been decided to prescribe a comprehensive cyber security framework for the UCBs, as a graded approach, based on their digital depth and interconnectedness with the payment systems landscape, digital products offered by them and assessment of cyber security risk. The framework would mandate implementation of progressively stronger security measures based on the nature, variety and scale of digital product offerings of banks.;980921724959;us-east-1;2025-07-12 04:34:04.543013;annex_i_7_1;Disallow administrative rights on end-user workstations/PCs/laptops and provide access rights on a ‘need to know’ and ‘need to do’ basis.;;;;iam;;PASS;Custom policy dd_s3_upload is attached but does not allow '*:*' administrative privileges.;arn:aws:iam::980921724959:policy/dd_s3_upload;iam_customer_attached_policy_no_administrative_privileges;False;dd_s3_upload
aws;The Reserve Bank had prescribed a set of baseline cyber security controls for primary (Urban) cooperative banks (UCBs) in October 2018. On further examination, it has been decided to prescribe a comprehensive cyber security framework for the UCBs, as a graded approach, based on their digital depth and interconnectedness with the payment systems landscape, digital products offered by them and assessment of cyber security risk. The framework would mandate implementation of progressively stronger security measures based on the nature, variety and scale of digital product offerings of banks.;980921724959;us-east-1;2025-07-12 04:34:04.543013;annex_i_7_1;Disallow administrative rights on end-user workstations/PCs/laptops and provide access rights on a ‘need to know’ and ‘need to do’ basis.;;;;iam;;PASS;Custom policy AWSLambdaBasicExecutionRole-acb5bea7-9694-447c-85e4-148d9f80261e is attached but does not allow '*:*' administrative privileges.;arn:aws:iam::980921724959:policy/service-role/AWSLambdaBasicExecutionRole-acb5bea7-9694-447c-85e4-148d9f80261e;iam_customer_attached_policy_no_administrative_privileges;False;AWSLambdaBasicExecutionRole-acb5bea7-9694-447c-85e4-148d9f80261e
aws;The Reserve Bank had prescribed a set of baseline cyber security controls for primary (Urban) cooperative banks (UCBs) in October 2018. On further examination, it has been decided to prescribe a comprehensive cyber security framework for the UCBs, as a graded approach, based on their digital depth and interconnectedness with the payment systems landscape, digital products offered by them and assessment of cyber security risk. The framework would mandate implementation of progressively stronger security measures based on the nature, variety and scale of digital product offerings of banks.;980921724959;us-east-1;2025-07-12 04:34:04.543013;annex_i_7_1;Disallow administrative rights on end-user workstations/PCs/laptops and provide access rights on a ‘need to know’ and ‘need to do’ basis.;;;;iam;;PASS;Root account does not have access keys.;arn:aws:iam::980921724959:root;iam_no_root_access_key;False;<root_account>
aws;The Reserve Bank had prescribed a set of baseline cyber security controls for primary (Urban) cooperative banks (UCBs) in October 2018. On further examination, it has been decided to prescribe a comprehensive cyber security framework for the UCBs, as a graded approach, based on their digital depth and interconnectedness with the payment systems landscape, digital products offered by them and assessment of cyber security risk. The framework would mandate implementation of progressively stronger security measures based on the nature, variety and scale of digital product offerings of banks.;980921724959;us-east-1;2025-07-12 04:34:04.543013;annex_i_7_2;Passwords should be set as complex and lengthy and users should not use same passwords for all the applications/systems/devices.;;;;iam;;FAIL;IAM password policy reuse prevention is less than 24 or not set.;arn:aws:iam:us-east-1:980921724959:password-policy;iam_password_policy_reuse_24;False;980921724959
aws;The Reserve Bank had prescribed a set of baseline cyber security controls for primary (Urban) cooperative banks (UCBs) in October 2018. On further examination, it has been decided to prescribe a comprehensive cyber security framework for the UCBs, as a graded approach, based on their digital depth and interconnectedness with the payment systems landscape, digital products offered by them and assessment of cyber security risk. The framework would mandate implementation of progressively stronger security measures based on the nature, variety and scale of digital product offerings of banks.;980921724959;us-east-1;2025-07-12 04:34:04.543013;annex_i_7_1;Disallow administrative rights on end-user workstations/PCs/laptops and provide access rights on a ‘need to know’ and ‘need to do’ basis.;;;;iam;;FAIL;User dd_s3_user has the policy dd_s3_upload attached.;arn:aws:iam::980921724959:user/dd_s3_user;iam_policy_attached_only_to_group_or_roles;False;dd_s3_user/dd_s3_upload
aws;The Reserve Bank had prescribed a set of baseline cyber security controls for primary (Urban) cooperative banks (UCBs) in October 2018. On further examination, it has been decided to prescribe a comprehensive cyber security framework for the UCBs, as a graded approach, based on their digital depth and interconnectedness with the payment systems landscape, digital products offered by them and assessment of cyber security risk. The framework would mandate implementation of progressively stronger security measures based on the nature, variety and scale of digital product offerings of banks.;980921724959;us-east-1;2025-07-12 04:34:04.543013;annex_i_7_1;Disallow administrative rights on end-user workstations/PCs/laptops and provide access rights on a ‘need to know’ and ‘need to do’ basis.;;;;iam;;FAIL;User ramanatech_user1 has the policy AdministratorAccess attached.;arn:aws:iam::980921724959:user/ramanatech_user1;iam_policy_attached_only_to_group_or_roles;False;ramanatech_user1/AdministratorAccess
aws;The Reserve Bank had prescribed a set of baseline cyber security controls for primary (Urban) cooperative banks (UCBs) in October 2018. On further examination, it has been decided to prescribe a comprehensive cyber security framework for the UCBs, as a graded approach, based on their digital depth and interconnectedness with the payment systems landscape, digital products offered by them and assessment of cyber security risk. The framework would mandate implementation of progressively stronger security measures based on the nature, variety and scale of digital product offerings of banks.;980921724959;us-east-1;2025-07-12 04:34:04.543013;annex_i_7_1;Disallow administrative rights on end-user workstations/PCs/laptops and provide access rights on a ‘need to know’ and ‘need to do’ basis.;;;;iam;;FAIL;User ramanatech_user2 has the policy AdministratorAccess attached.;arn:aws:iam::980921724959:user/ramanatech_user2;iam_policy_attached_only_to_group_or_roles;False;ramanatech_user2/AdministratorAccess
aws;The Reserve Bank had prescribed a set of baseline cyber security controls for primary (Urban) cooperative banks (UCBs) in October 2018. On further examination, it has been decided to prescribe a comprehensive cyber security framework for the UCBs, as a graded approach, based on their digital depth and interconnectedness with the payment systems landscape, digital products offered by them and assessment of cyber security risk. The framework would mandate implementation of progressively stronger security measures based on the nature, variety and scale of digital product offerings of banks.;980921724959;us-east-1;2025-07-12 04:34:04.543013;annex_i_1_1;UCBs should maintain an up-to-date business IT Asset Inventory Register containing the following fields, as a minimum: a) Details of the IT Asset (viz., hardware/software/network devices, key personnel, services, etc.), b. Details of systems where customer data are stored, c. Associated business applications, if any, d. Criticality of the IT asset (For example, High/Medium/Low).;;;;aws;;FAIL;AWS Organizations is not in-use for this AWS Account.;arn:aws:organizations::980921724959:unknown;organizations_account_part_of_organizations;False;unknown
aws;The Reserve Bank had prescribed a set of baseline cyber security controls for primary (Urban) cooperative banks (UCBs) in October 2018. On further examination, it has been decided to prescribe a comprehensive cyber security framework for the UCBs, as a graded approach, based on their digital depth and interconnectedness with the payment systems landscape, digital products offered by them and assessment of cyber security risk. The framework would mandate implementation of progressively stronger security measures based on the nature, variety and scale of digital product offerings of banks.;980921724959;us-east-1;2025-07-12 04:34:04.543013;annex_i_1_3;Appropriately manage and provide protection within and outside UCB/network, keeping in mind how the data/information is stored, transmitted, processed, accessed and put to use within/outside the UCB’s network, and level of risk they are exposed to depending on the sensitivity of the data/information.;;;;aws;;FAIL;Block Public Access is not configured for the account 980921724959.;arn:aws:s3:us-east-1:980921724959:account;s3_account_level_public_access_blocks;False;980921724959
aws;The Reserve Bank had prescribed a set of baseline cyber security controls for primary (Urban) cooperative banks (UCBs) in October 2018. On further examination, it has been decided to prescribe a comprehensive cyber security framework for the UCBs, as a graded approach, based on their digital depth and interconnectedness with the payment systems landscape, digital products offered by them and assessment of cyber security risk. The framework would mandate implementation of progressively stronger security measures based on the nature, variety and scale of digital product offerings of banks.;980921724959;us-east-1;2025-07-12 04:34:04.543013;annex_i_1_3;Appropriately manage and provide protection within and outside UCB/network, keeping in mind how the data/information is stored, transmitted, processed, accessed and put to use within/outside the UCB’s network, and level of risk they are exposed to depending on the sensitivity of the data/information.;;;;aws;;PASS;S3 Bucket www.deepdefence.co has Server Side Encryption with AES256.;arn:aws:s3:::www.deepdefence.co;s3_bucket_default_encryption;False;www.deepdefence.co
aws;The Reserve Bank had prescribed a set of baseline cyber security controls for primary (Urban) cooperative banks (UCBs) in October 2018. On further examination, it has been decided to prescribe a comprehensive cyber security framework for the UCBs, as a graded approach, based on their digital depth and interconnectedness with the payment systems landscape, digital products offered by them and assessment of cyber security risk. The framework would mandate implementation of progressively stronger security measures based on the nature, variety and scale of digital product offerings of banks.;980921724959;us-east-1;2025-07-12 04:34:04.543013;annex_i_12;Take periodic back up of the important data and store this data ‘off line’ (i.e., transferring important files to a storage device that can be detached from a computer/system after copying all the files).;;;;aws;;FAIL;S3 Bucket www.deepdefence.co has versioning disabled.;arn:aws:s3:::www.deepdefence.co;s3_bucket_object_versioning;False;www.deepdefence.co
aws;The Reserve Bank had prescribed a set of baseline cyber security controls for primary (Urban) cooperative banks (UCBs) in October 2018. On further examination, it has been decided to prescribe a comprehensive cyber security framework for the UCBs, as a graded approach, based on their digital depth and interconnectedness with the payment systems landscape, digital products offered by them and assessment of cyber security risk. The framework would mandate implementation of progressively stronger security measures based on the nature, variety and scale of digital product offerings of banks.;980921724959;us-east-1;2025-07-12 04:34:04.543013;annex_i_1_3;Appropriately manage and provide protection within and outside UCB/network, keeping in mind how the data/information is stored, transmitted, processed, accessed and put to use within/outside the UCB’s network, and level of risk they are exposed to depending on the sensitivity of the data/information.;;;;aws;;PASS;S3 Bucket www.deepdefence.co does not allow public write access in the bucket policy.;arn:aws:s3:::www.deepdefence.co;s3_bucket_policy_public_write_access;False;www.deepdefence.co
aws;The Reserve Bank had prescribed a set of baseline cyber security controls for primary (Urban) cooperative banks (UCBs) in October 2018. On further examination, it has been decided to prescribe a comprehensive cyber security framework for the UCBs, as a graded approach, based on their digital depth and interconnectedness with the payment systems landscape, digital products offered by them and assessment of cyber security risk. The framework would mandate implementation of progressively stronger security measures based on the nature, variety and scale of digital product offerings of banks.;980921724959;us-east-1;2025-07-12 04:34:04.543013;annex_i_1_3;Appropriately manage and provide protection within and outside UCB/network, keeping in mind how the data/information is stored, transmitted, processed, accessed and put to use within/outside the UCB’s network, and level of risk they are exposed to depending on the sensitivity of the data/information.;;;;aws;;FAIL;S3 Bucket www.deepdefence.co has public access due to bucket policy.;arn:aws:s3:::www.deepdefence.co;s3_bucket_public_access;False;www.deepdefence.co
aws;The Reserve Bank had prescribed a set of baseline cyber security controls for primary (Urban) cooperative banks (UCBs) in October 2018. On further examination, it has been decided to prescribe a comprehensive cyber security framework for the UCBs, as a graded approach, based on their digital depth and interconnectedness with the payment systems landscape, digital products offered by them and assessment of cyber security risk. The framework would mandate implementation of progressively stronger security measures based on the nature, variety and scale of digital product offerings of banks.;980921724959;us-east-1;2025-07-12 04:34:04.543013;annex_i_1_3;Appropriately manage and provide protection within and outside UCB/network, keeping in mind how the data/information is stored, transmitted, processed, accessed and put to use within/outside the UCB’s network, and level of risk they are exposed to depending on the sensitivity of the data/information.;;;;aws;;FAIL;S3 Bucket www.deepdefence.co allows requests over insecure transport in the bucket policy.;arn:aws:s3:::www.deepdefence.co;s3_bucket_secure_transport_policy;False;www.deepdefence.co
aws;The Reserve Bank had prescribed a set of baseline cyber security controls for primary (Urban) cooperative banks (UCBs) in October 2018. On further examination, it has been decided to prescribe a comprehensive cyber security framework for the UCBs, as a graded approach, based on their digital depth and interconnectedness with the payment systems landscape, digital products offered by them and assessment of cyber security risk. The framework would mandate implementation of progressively stronger security measures based on the nature, variety and scale of digital product offerings of banks.;980921724959;us-east-1;2025-07-12 04:34:04.543013;annex_i_7_4;Implement appropriate (e.g. centralised) systems and controls to allow, manage, log and monitor privileged/super user/administrative access to critical systems (servers/databases, applications, network devices etc.);;;;aws;;FAIL;S3 Bucket www.deepdefence.co has server access logging disabled.;arn:aws:s3:::www.deepdefence.co;s3_bucket_server_access_logging_enabled;False;www.deepdefence.co
aws;The Reserve Bank had prescribed a set of baseline cyber security controls for primary (Urban) cooperative banks (UCBs) in October 2018. On further examination, it has been decided to prescribe a comprehensive cyber security framework for the UCBs, as a graded approach, based on their digital depth and interconnectedness with the payment systems landscape, digital products offered by them and assessment of cyber security risk. The framework would mandate implementation of progressively stronger security measures based on the nature, variety and scale of digital product offerings of banks.;980921724959;us-east-1;2025-07-12 04:34:04.543013;annex_i_7_4;Implement appropriate (e.g. centralised) systems and controls to allow, manage, log and monitor privileged/super user/administrative access to critical systems (servers/databases, applications, network devices etc.);;;;aws;;FAIL;Security Hub is not enabled.;arn:aws:securityhub:us-east-1:980921724959:hub/unknown;securityhub_enabled;False;hub/unknown
aws;The Reserve Bank had prescribed a set of baseline cyber security controls for primary (Urban) cooperative banks (UCBs) in October 2018. On further examination, it has been decided to prescribe a comprehensive cyber security framework for the UCBs, as a graded approach, based on their digital depth and interconnectedness with the payment systems landscape, digital products offered by them and assessment of cyber security risk. The framework would mandate implementation of progressively stronger security measures based on the nature, variety and scale of digital product offerings of banks.;980921724959;us-east-1;2025-07-12 04:34:04.543013;annex_i_1_3;Appropriately manage and provide protection within and outside UCB/network, keeping in mind how the data/information is stored, transmitted, processed, accessed and put to use within/outside the UCB’s network, and level of risk they are exposed to depending on the sensitivity of the data/information.;;;;aws;;FAIL;SNS topic Default_CloudWatch_Alarms_Topic is not encrypted.;arn:aws:sns:us-east-1:980921724959:Default_CloudWatch_Alarms_Topic;sns_topics_kms_encryption_at_rest_enabled;False;Default_CloudWatch_Alarms_Topic
