PROVIDER;DESCRIPTION;ACCOUNTID;REGION;ASSESSMENTDATE;REQUIREMENTS_ID;REQUIREMENTS_DESCRIPTION;REQUIREMENTS_ATTRIBUTES_SECTION;REQUIREMENTS_ATTRIBUTES_SUBSECTION;REQUIREMENTS_ATTRIBUTES_SUBGROUP;REQUIREMENTS_ATTRIBUTES_SERVICE;REQUIREMENTS_ATTRIBUTES_TYPE;STATUS;STATUSEXTENDED;RESOURCEID;CHECKID;MUTED;RESOURCENAME
aws;The GxP EU Annex 11 framework is the European equivalent to the FDA 21 CFR part 11 framework in the United States. This annex applies to all forms of computerized systems that are used as part of Good Manufacturing Practices (GMP) regulated activities. A computerized system is a set of software and hardware components that together fulfill certain functionalities. The application should be validated and IT infrastructure should be qualified. Where a computerized system replaces a manual operation, there should be no resultant decrease in product quality, process control, or quality assurance. There should be no increase in the overall risk of the process.;980921724959;us-east-1;2025-07-12 04:34:04.543013;1-risk-management;Risk management should be applied throughout the lifecycle of the computerised system taking into account patient safety, data integrity and product quality. As part of a risk management system, decisions on the extent of validation and data integrity controls should be based on a justified and documented risk assessment of the computerised system.;General;;;aws;;FAIL;No CloudTrail trails enabled with logging were found.;arn:aws:cloudtrail:us-east-1:980921724959:trail;cloudtrail_multi_region_enabled;False;980921724959
aws;The GxP EU Annex 11 framework is the European equivalent to the FDA 21 CFR part 11 framework in the United States. This annex applies to all forms of computerized systems that are used as part of Good Manufacturing Practices (GMP) regulated activities. A computerized system is a set of software and hardware components that together fulfill certain functionalities. The application should be validated and IT infrastructure should be qualified. Where a computerized system replaces a manual operation, there should be no resultant decrease in product quality, process control, or quality assurance. There should be no increase in the overall risk of the process.;980921724959;us-east-1;2025-07-12 04:34:04.543013;4.2-validation-documentation-change-control;Validation documentation should include change control records (if applicable) and reports on any deviations observed during the validation process.;Project Phase;;;aws;;FAIL;No CloudTrail trails enabled with logging were found.;arn:aws:cloudtrail:us-east-1:980921724959:trail;cloudtrail_multi_region_enabled;False;980921724959
aws;The GxP EU Annex 11 framework is the European equivalent to the FDA 21 CFR part 11 framework in the United States. This annex applies to all forms of computerized systems that are used as part of Good Manufacturing Practices (GMP) regulated activities. A computerized system is a set of software and hardware components that together fulfill certain functionalities. The application should be validated and IT infrastructure should be qualified. Where a computerized system replaces a manual operation, there should be no resultant decrease in product quality, process control, or quality assurance. There should be no increase in the overall risk of the process.;980921724959;us-east-1;2025-07-12 04:34:04.543013;8.2-printouts-data-changes;For records supporting batch release it should be possible to generate printouts indicating if any of the data has been changed since the original entry.;Operational Phase;;;aws;;FAIL;No CloudTrail trails have a data event to record all S3 object-level API operations.;arn:aws:cloudtrail:us-east-1:980921724959:trail;cloudtrail_s3_dataevents_read_enabled;False;980921724959
aws;The GxP EU Annex 11 framework is the European equivalent to the FDA 21 CFR part 11 framework in the United States. This annex applies to all forms of computerized systems that are used as part of Good Manufacturing Practices (GMP) regulated activities. A computerized system is a set of software and hardware components that together fulfill certain functionalities. The application should be validated and IT infrastructure should be qualified. Where a computerized system replaces a manual operation, there should be no resultant decrease in product quality, process control, or quality assurance. There should be no increase in the overall risk of the process.;980921724959;us-east-1;2025-07-12 04:34:04.543013;9-audit-trails;Consideration should be given, based on a risk assessment, to building into the system the creation of a record of all GMP-relevant changes and deletions (a system generated 'audit trail'). For change or deletion of GMP-relevant data the reason should be documented. Audit trails need to be available and convertible to a generally intelligible form and regularly reviewed.;Operational Phase;;;aws;;FAIL;No CloudTrail trails have a data event to record all S3 object-level API operations.;arn:aws:cloudtrail:us-east-1:980921724959:trail;cloudtrail_s3_dataevents_read_enabled;False;980921724959
aws;The GxP EU Annex 11 framework is the European equivalent to the FDA 21 CFR part 11 framework in the United States. This annex applies to all forms of computerized systems that are used as part of Good Manufacturing Practices (GMP) regulated activities. A computerized system is a set of software and hardware components that together fulfill certain functionalities. The application should be validated and IT infrastructure should be qualified. Where a computerized system replaces a manual operation, there should be no resultant decrease in product quality, process control, or quality assurance. There should be no increase in the overall risk of the process.;980921724959;us-east-1;2025-07-12 04:34:04.543013;12.4-security-audit-trail;Management systems for data and for documents should be designed to record the identity of operators entering, changing, confirming or deleting data including date and time.;Operational Phase;;;aws;;FAIL;No CloudTrail trails have a data event to record all S3 object-level API operations.;arn:aws:cloudtrail:us-east-1:980921724959:trail;cloudtrail_s3_dataevents_read_enabled;False;980921724959
aws;The GxP EU Annex 11 framework is the European equivalent to the FDA 21 CFR part 11 framework in the United States. This annex applies to all forms of computerized systems that are used as part of Good Manufacturing Practices (GMP) regulated activities. A computerized system is a set of software and hardware components that together fulfill certain functionalities. The application should be validated and IT infrastructure should be qualified. Where a computerized system replaces a manual operation, there should be no resultant decrease in product quality, process control, or quality assurance. There should be no increase in the overall risk of the process.;980921724959;us-east-1;2025-07-12 04:34:04.543013;8.2-printouts-data-changes;For records supporting batch release it should be possible to generate printouts indicating if any of the data has been changed since the original entry.;Operational Phase;;;aws;;FAIL;No CloudTrail trails have a data event to record all S3 object-level API operations.;arn:aws:cloudtrail:us-east-1:980921724959:trail;cloudtrail_s3_dataevents_write_enabled;False;980921724959
aws;The GxP EU Annex 11 framework is the European equivalent to the FDA 21 CFR part 11 framework in the United States. This annex applies to all forms of computerized systems that are used as part of Good Manufacturing Practices (GMP) regulated activities. A computerized system is a set of software and hardware components that together fulfill certain functionalities. The application should be validated and IT infrastructure should be qualified. Where a computerized system replaces a manual operation, there should be no resultant decrease in product quality, process control, or quality assurance. There should be no increase in the overall risk of the process.;980921724959;us-east-1;2025-07-12 04:34:04.543013;9-audit-trails;Consideration should be given, based on a risk assessment, to building into the system the creation of a record of all GMP-relevant changes and deletions (a system generated 'audit trail'). For change or deletion of GMP-relevant data the reason should be documented. Audit trails need to be available and convertible to a generally intelligible form and regularly reviewed.;Operational Phase;;;aws;;FAIL;No CloudTrail trails have a data event to record all S3 object-level API operations.;arn:aws:cloudtrail:us-east-1:980921724959:trail;cloudtrail_s3_dataevents_write_enabled;False;980921724959
aws;The GxP EU Annex 11 framework is the European equivalent to the FDA 21 CFR part 11 framework in the United States. This annex applies to all forms of computerized systems that are used as part of Good Manufacturing Practices (GMP) regulated activities. A computerized system is a set of software and hardware components that together fulfill certain functionalities. The application should be validated and IT infrastructure should be qualified. Where a computerized system replaces a manual operation, there should be no resultant decrease in product quality, process control, or quality assurance. There should be no increase in the overall risk of the process.;980921724959;us-east-1;2025-07-12 04:34:04.543013;12.4-security-audit-trail;Management systems for data and for documents should be designed to record the identity of operators entering, changing, confirming or deleting data including date and time.;Operational Phase;;;aws;;FAIL;No CloudTrail trails have a data event to record all S3 object-level API operations.;arn:aws:cloudtrail:us-east-1:980921724959:trail;cloudtrail_s3_dataevents_write_enabled;False;980921724959
aws;The GxP EU Annex 11 framework is the European equivalent to the FDA 21 CFR part 11 framework in the United States. This annex applies to all forms of computerized systems that are used as part of Good Manufacturing Practices (GMP) regulated activities. A computerized system is a set of software and hardware components that together fulfill certain functionalities. The application should be validated and IT infrastructure should be qualified. Where a computerized system replaces a manual operation, there should be no resultant decrease in product quality, process control, or quality assurance. There should be no increase in the overall risk of the process.;980921724959;us-east-1;2025-07-12 04:34:04.543013;7.1-data-storage-damage-protection;Data should be secured by both physical and electronic means against damage. Stored data should be checked for accessibility, readability and accuracy. Access to data should be ensured throughout the retention period.;Operational Phase;;;aws;;FAIL;Log Group /aws/lambda/contactSubmit does not have AWS KMS keys associated.;arn:aws:logs:us-east-1:980921724959:log-group:/aws/lambda/contactSubmit:*;cloudwatch_log_group_kms_encryption_enabled;False;/aws/lambda/contactSubmit
aws;The GxP EU Annex 11 framework is the European equivalent to the FDA 21 CFR part 11 framework in the United States. This annex applies to all forms of computerized systems that are used as part of Good Manufacturing Practices (GMP) regulated activities. A computerized system is a set of software and hardware components that together fulfill certain functionalities. The application should be validated and IT infrastructure should be qualified. Where a computerized system replaces a manual operation, there should be no resultant decrease in product quality, process control, or quality assurance. There should be no increase in the overall risk of the process.;980921724959;us-east-1;2025-07-12 04:34:04.543013;7.1-data-storage-damage-protection;Data should be secured by both physical and electronic means against damage. Stored data should be checked for accessibility, readability and accuracy. Access to data should be ensured throughout the retention period.;Operational Phase;;;aws;;FAIL;Log Group /aws/lambda/getExpirationDate does not have AWS KMS keys associated.;arn:aws:logs:us-east-1:980921724959:log-group:/aws/lambda/getExpirationDate:*;cloudwatch_log_group_kms_encryption_enabled;False;/aws/lambda/getExpirationDate
aws;The GxP EU Annex 11 framework is the European equivalent to the FDA 21 CFR part 11 framework in the United States. This annex applies to all forms of computerized systems that are used as part of Good Manufacturing Practices (GMP) regulated activities. A computerized system is a set of software and hardware components that together fulfill certain functionalities. The application should be validated and IT infrastructure should be qualified. Where a computerized system replaces a manual operation, there should be no resultant decrease in product quality, process control, or quality assurance. There should be no increase in the overall risk of the process.;980921724959;us-east-1;2025-07-12 04:34:04.543013;10-change-and-configuration-management;Any changes to a computerised system including system configurations should only be made in a controlled manner in accordance with a defined procedure.;Operational Phase;;;aws;;FAIL;AWS Config recorder 980921724959 is disabled.;arn:aws:config:us-east-1:980921724959:recorder;config_recorder_all_regions_enabled;False;980921724959
aws;The GxP EU Annex 11 framework is the European equivalent to the FDA 21 CFR part 11 framework in the United States. This annex applies to all forms of computerized systems that are used as part of Good Manufacturing Practices (GMP) regulated activities. A computerized system is a set of software and hardware components that together fulfill certain functionalities. The application should be validated and IT infrastructure should be qualified. Where a computerized system replaces a manual operation, there should be no resultant decrease in product quality, process control, or quality assurance. There should be no increase in the overall risk of the process.;980921724959;us-east-1;2025-07-12 04:34:04.543013;4.5-validation-development-quality;The regulated user should take all reasonable steps, to ensure that the system has been developed in accordance with an appropriate quality management system. The supplier should be assessed appropriately.;Project Phase;;;aws;;FAIL;AWS Config recorder 980921724959 is disabled.;arn:aws:config:us-east-1:980921724959:recorder;config_recorder_all_regions_enabled;False;980921724959
aws;The GxP EU Annex 11 framework is the European equivalent to the FDA 21 CFR part 11 framework in the United States. This annex applies to all forms of computerized systems that are used as part of Good Manufacturing Practices (GMP) regulated activities. A computerized system is a set of software and hardware components that together fulfill certain functionalities. The application should be validated and IT infrastructure should be qualified. Where a computerized system replaces a manual operation, there should be no resultant decrease in product quality, process control, or quality assurance. There should be no increase in the overall risk of the process.;980921724959;us-east-1;2025-07-12 04:34:04.543013;4.6-validation-quality-performance;For the validation of bespoke or customised computerised systems there should be a process in place that ensures the formal assessment and reporting of quality and performance measures for all the life-cycle stages of the system.;Project Phase;;;aws;;FAIL;AWS Config recorder 980921724959 is disabled.;arn:aws:config:us-east-1:980921724959:recorder;config_recorder_all_regions_enabled;False;980921724959
aws;The GxP EU Annex 11 framework is the European equivalent to the FDA 21 CFR part 11 framework in the United States. This annex applies to all forms of computerized systems that are used as part of Good Manufacturing Practices (GMP) regulated activities. A computerized system is a set of software and hardware components that together fulfill certain functionalities. The application should be validated and IT infrastructure should be qualified. Where a computerized system replaces a manual operation, there should be no resultant decrease in product quality, process control, or quality assurance. There should be no increase in the overall risk of the process.;980921724959;us-east-1;2025-07-12 04:34:04.543013;7.1-data-storage-damage-protection;Data should be secured by both physical and electronic means against damage. Stored data should be checked for accessibility, readability and accuracy. Access to data should be ensured throughout the retention period.;Operational Phase;;;aws;;PASS;S3 Bucket www.deepdefence.co has Server Side Encryption with AES256.;arn:aws:s3:::www.deepdefence.co;s3_bucket_default_encryption;False;www.deepdefence.co
aws;The GxP EU Annex 11 framework is the European equivalent to the FDA 21 CFR part 11 framework in the United States. This annex applies to all forms of computerized systems that are used as part of Good Manufacturing Practices (GMP) regulated activities. A computerized system is a set of software and hardware components that together fulfill certain functionalities. The application should be validated and IT infrastructure should be qualified. Where a computerized system replaces a manual operation, there should be no resultant decrease in product quality, process control, or quality assurance. There should be no increase in the overall risk of the process.;980921724959;us-east-1;2025-07-12 04:34:04.543013;5-data;Computerised systems exchanging data electronically with other systems should include appropriate built-in checks for the correct and secure entry and processing of data, in order to minimize the risks.;Operational Phase;;;aws;;FAIL;S3 Bucket www.deepdefence.co has versioning disabled.;arn:aws:s3:::www.deepdefence.co;s3_bucket_object_versioning;False;www.deepdefence.co
aws;The GxP EU Annex 11 framework is the European equivalent to the FDA 21 CFR part 11 framework in the United States. This annex applies to all forms of computerized systems that are used as part of Good Manufacturing Practices (GMP) regulated activities. A computerized system is a set of software and hardware components that together fulfill certain functionalities. The application should be validated and IT infrastructure should be qualified. Where a computerized system replaces a manual operation, there should be no resultant decrease in product quality, process control, or quality assurance. There should be no increase in the overall risk of the process.;980921724959;us-east-1;2025-07-12 04:34:04.543013;7.1-data-storage-damage-protection;Data should be secured by both physical and electronic means against damage. Stored data should be checked for accessibility, readability and accuracy. Access to data should be ensured throughout the retention period.;Operational Phase;;;aws;;FAIL;S3 Bucket www.deepdefence.co has versioning disabled.;arn:aws:s3:::www.deepdefence.co;s3_bucket_object_versioning;False;www.deepdefence.co
aws;The GxP EU Annex 11 framework is the European equivalent to the FDA 21 CFR part 11 framework in the United States. This annex applies to all forms of computerized systems that are used as part of Good Manufacturing Practices (GMP) regulated activities. A computerized system is a set of software and hardware components that together fulfill certain functionalities. The application should be validated and IT infrastructure should be qualified. Where a computerized system replaces a manual operation, there should be no resultant decrease in product quality, process control, or quality assurance. There should be no increase in the overall risk of the process.;980921724959;us-east-1;2025-07-12 04:34:04.543013;7.2-data-storage-backups;Regular back-ups of all relevant data should be done. Integrity and accuracy of backup data and the ability to restore the data should be checked during validation and monitored periodically.;Operational Phase;;;aws;;FAIL;S3 Bucket www.deepdefence.co has versioning disabled.;arn:aws:s3:::www.deepdefence.co;s3_bucket_object_versioning;False;www.deepdefence.co
aws;The GxP EU Annex 11 framework is the European equivalent to the FDA 21 CFR part 11 framework in the United States. This annex applies to all forms of computerized systems that are used as part of Good Manufacturing Practices (GMP) regulated activities. A computerized system is a set of software and hardware components that together fulfill certain functionalities. The application should be validated and IT infrastructure should be qualified. Where a computerized system replaces a manual operation, there should be no resultant decrease in product quality, process control, or quality assurance. There should be no increase in the overall risk of the process.;980921724959;us-east-1;2025-07-12 04:34:04.543013;16-business-continuity;For the availability of computerised systems supporting critical processes, provisions should be made to ensure continuity of support for those processes in the event of a system breakdown (e.g. a manual or alternative system). The time required to bring the alternative arrangements into use should be based on risk and appropriate for a particular system and the business process it supports. These arrangements should be adequately documented and tested.;Operational Phase;;;aws;;FAIL;S3 Bucket www.deepdefence.co has versioning disabled.;arn:aws:s3:::www.deepdefence.co;s3_bucket_object_versioning;False;www.deepdefence.co
aws;The GxP EU Annex 11 framework is the European equivalent to the FDA 21 CFR part 11 framework in the United States. This annex applies to all forms of computerized systems that are used as part of Good Manufacturing Practices (GMP) regulated activities. A computerized system is a set of software and hardware components that together fulfill certain functionalities. The application should be validated and IT infrastructure should be qualified. Where a computerized system replaces a manual operation, there should be no resultant decrease in product quality, process control, or quality assurance. There should be no increase in the overall risk of the process.;980921724959;us-east-1;2025-07-12 04:34:04.543013;17-archiving;Data may be archived. This data should be checked for accessibility, readability and integrity. If relevant changes are to be made to the system (e.g. computer equipment or programs), then the ability to retrieve the data should be ensured and tested.;Operational Phase;;;aws;;FAIL;S3 Bucket www.deepdefence.co has versioning disabled.;arn:aws:s3:::www.deepdefence.co;s3_bucket_object_versioning;False;www.deepdefence.co
aws;The GxP EU Annex 11 framework is the European equivalent to the FDA 21 CFR part 11 framework in the United States. This annex applies to all forms of computerized systems that are used as part of Good Manufacturing Practices (GMP) regulated activities. A computerized system is a set of software and hardware components that together fulfill certain functionalities. The application should be validated and IT infrastructure should be qualified. Where a computerized system replaces a manual operation, there should be no resultant decrease in product quality, process control, or quality assurance. There should be no increase in the overall risk of the process.;980921724959;us-east-1;2025-07-12 04:34:04.543013;4.8-validation-data-transfer;If data are transferred to another data format or system, validation should include checks that data are not altered in value and/or meaning during this migration process.;Project Phase;;;aws;;FAIL;S3 Bucket www.deepdefence.co has versioning disabled.;arn:aws:s3:::www.deepdefence.co;s3_bucket_object_versioning;False;www.deepdefence.co
aws;The GxP EU Annex 11 framework is the European equivalent to the FDA 21 CFR part 11 framework in the United States. This annex applies to all forms of computerized systems that are used as part of Good Manufacturing Practices (GMP) regulated activities. A computerized system is a set of software and hardware components that together fulfill certain functionalities. The application should be validated and IT infrastructure should be qualified. Where a computerized system replaces a manual operation, there should be no resultant decrease in product quality, process control, or quality assurance. There should be no increase in the overall risk of the process.;980921724959;us-east-1;2025-07-12 04:34:04.543013;1-risk-management;Risk management should be applied throughout the lifecycle of the computerised system taking into account patient safety, data integrity and product quality. As part of a risk management system, decisions on the extent of validation and data integrity controls should be based on a justified and documented risk assessment of the computerised system.;General;;;aws;;FAIL;Security Hub is not enabled.;arn:aws:securityhub:us-east-1:980921724959:hub/unknown;securityhub_enabled;False;hub/unknown
aws;The GxP EU Annex 11 framework is the European equivalent to the FDA 21 CFR part 11 framework in the United States. This annex applies to all forms of computerized systems that are used as part of Good Manufacturing Practices (GMP) regulated activities. A computerized system is a set of software and hardware components that together fulfill certain functionalities. The application should be validated and IT infrastructure should be qualified. Where a computerized system replaces a manual operation, there should be no resultant decrease in product quality, process control, or quality assurance. There should be no increase in the overall risk of the process.;980921724959;us-east-1;2025-07-12 04:34:04.543013;7.1-data-storage-damage-protection;Data should be secured by both physical and electronic means against damage. Stored data should be checked for accessibility, readability and accuracy. Access to data should be ensured throughout the retention period.;Operational Phase;;;aws;;FAIL;SNS topic Default_CloudWatch_Alarms_Topic is not encrypted.;arn:aws:sns:us-east-1:980921724959:Default_CloudWatch_Alarms_Topic;sns_topics_kms_encryption_at_rest_enabled;False;Default_CloudWatch_Alarms_Topic
