PROVIDER;DESCRIPTION;ACCOUNTID;REGION;ASSESSMENTDATE;REQUIREMENTS_ID;REQUIREMENTS_DESCRIPTION;REQUIREMENTS_ATTRIBUTES_SECTION;REQUIREMENTS_ATTRIBUTES_SUBSECTION;REQUIREMENTS_ATTRIBUTES_SUBGROUP;REQUIREMENTS_ATTRIBUTES_SERVICE;REQUIREMENTS_ATTRIBUTES_TYPE;STATUS;STATUSEXTENDED;RESOURCEID;CHECKID;MUTED;RESOURCENAME
aws;Cybersecurity & Infrastructure Security Agency's (CISA) Cyber Essentials is a guide for leaders of small businesses as well as leaders of small and local government agencies to develop an actionable understanding of where to start implementing organizational cybersecurity practices.;980921724959;us-east-1;2025-07-12 04:34:04.543013;your-data-2;Learn what is happening on your network, manage network and perimeter components, host and device components, data-at-rest and in-transit, and user behavior activities.;your data;;;aws;;PASS;ACM Certificate 7bf9b568-0935-4b90-996f-5d529966aae7 for ramana.tech expires in 256 days.;arn:aws:acm:us-east-1:980921724959:certificate/7bf9b568-0935-4b90-996f-5d529966aae7;acm_certificates_expiration_check;False;7bf9b568-0935-4b90-996f-5d529966aae7
aws;Cybersecurity & Infrastructure Security Agency's (CISA) Cyber Essentials is a guide for leaders of small businesses as well as leaders of small and local government agencies to develop an actionable understanding of where to start implementing organizational cybersecurity practices.;980921724959;us-east-1;2025-07-12 04:34:04.543013;your-data-2;Learn what is happening on your network, manage network and perimeter components, host and device components, data-at-rest and in-transit, and user behavior activities.;your data;;;aws;;PASS;ACM Certificate 46c27bff-3bbc-4874-bb6b-20504aa3ba04 for *.deepdefence.co expires in 374 days.;arn:aws:acm:us-east-1:980921724959:certificate/46c27bff-3bbc-4874-bb6b-20504aa3ba04;acm_certificates_expiration_check;False;46c27bff-3bbc-4874-bb6b-20504aa3ba04
aws;Cybersecurity & Infrastructure Security Agency's (CISA) Cyber Essentials is a guide for leaders of small businesses as well as leaders of small and local government agencies to develop an actionable understanding of where to start implementing organizational cybersecurity practices.;980921724959;us-east-1;2025-07-12 04:34:04.543013;your-systems-3;Implement security configurations for all hardware and software assets.;your systems;;;aws;;FAIL;Lambda function getExpirationDate has a resource-based policy with public access.;arn:aws:lambda:us-east-1:980921724959:function:getExpirationDate;awslambda_function_not_publicly_accessible;False;getExpirationDate
aws;Cybersecurity & Infrastructure Security Agency's (CISA) Cyber Essentials is a guide for leaders of small businesses as well as leaders of small and local government agencies to develop an actionable understanding of where to start implementing organizational cybersecurity practices.;980921724959;us-east-1;2025-07-12 04:34:04.543013;your-data-2;Learn what is happening on your network, manage network and perimeter components, host and device components, data-at-rest and in-transit, and user behavior activities.;your data;;;aws;;FAIL;Lambda function getExpirationDate has a resource-based policy with public access.;arn:aws:lambda:us-east-1:980921724959:function:getExpirationDate;awslambda_function_not_publicly_accessible;False;getExpirationDate
aws;Cybersecurity & Infrastructure Security Agency's (CISA) Cyber Essentials is a guide for leaders of small businesses as well as leaders of small and local government agencies to develop an actionable understanding of where to start implementing organizational cybersecurity practices.;980921724959;us-east-1;2025-07-12 04:34:04.543013;your-systems-3;Implement security configurations for all hardware and software assets.;your systems;;;aws;;FAIL;Lambda function contactSubmit has a resource-based policy with public access.;arn:aws:lambda:us-east-1:980921724959:function:contactSubmit;awslambda_function_not_publicly_accessible;False;contactSubmit
aws;Cybersecurity & Infrastructure Security Agency's (CISA) Cyber Essentials is a guide for leaders of small businesses as well as leaders of small and local government agencies to develop an actionable understanding of where to start implementing organizational cybersecurity practices.;980921724959;us-east-1;2025-07-12 04:34:04.543013;your-data-2;Learn what is happening on your network, manage network and perimeter components, host and device components, data-at-rest and in-transit, and user behavior activities.;your data;;;aws;;FAIL;Lambda function contactSubmit has a resource-based policy with public access.;arn:aws:lambda:us-east-1:980921724959:function:contactSubmit;awslambda_function_not_publicly_accessible;False;contactSubmit
aws;Cybersecurity & Infrastructure Security Agency's (CISA) Cyber Essentials is a guide for leaders of small businesses as well as leaders of small and local government agencies to develop an actionable understanding of where to start implementing organizational cybersecurity practices.;980921724959;us-east-1;2025-07-12 04:34:04.543013;your-systems-3;Implement security configurations for all hardware and software assets.;your systems;;;aws;;FAIL;No CloudTrail trails enabled with logging were found.;arn:aws:cloudtrail:us-east-1:980921724959:trail;cloudtrail_multi_region_enabled;False;980921724959
aws;Cybersecurity & Infrastructure Security Agency's (CISA) Cyber Essentials is a guide for leaders of small businesses as well as leaders of small and local government agencies to develop an actionable understanding of where to start implementing organizational cybersecurity practices.;980921724959;us-east-1;2025-07-12 04:34:04.543013;your-data-2;Learn what is happening on your network, manage network and perimeter components, host and device components, data-at-rest and in-transit, and user behavior activities.;your data;;;aws;;FAIL;No CloudTrail trails enabled with logging were found.;arn:aws:cloudtrail:us-east-1:980921724959:trail;cloudtrail_multi_region_enabled;False;980921724959
aws;Cybersecurity & Infrastructure Security Agency's (CISA) Cyber Essentials is a guide for leaders of small businesses as well as leaders of small and local government agencies to develop an actionable understanding of where to start implementing organizational cybersecurity practices.;980921724959;us-east-1;2025-07-12 04:34:04.543013;your-systems-3;Implement security configurations for all hardware and software assets.;your systems;;;aws;;FAIL;No CloudTrail trails have a data event to record all S3 object-level API operations.;arn:aws:cloudtrail:us-east-1:980921724959:trail;cloudtrail_s3_dataevents_read_enabled;False;980921724959
aws;Cybersecurity & Infrastructure Security Agency's (CISA) Cyber Essentials is a guide for leaders of small businesses as well as leaders of small and local government agencies to develop an actionable understanding of where to start implementing organizational cybersecurity practices.;980921724959;us-east-1;2025-07-12 04:34:04.543013;your-data-2;Learn what is happening on your network, manage network and perimeter components, host and device components, data-at-rest and in-transit, and user behavior activities.;your data;;;aws;;FAIL;No CloudTrail trails have a data event to record all S3 object-level API operations.;arn:aws:cloudtrail:us-east-1:980921724959:trail;cloudtrail_s3_dataevents_read_enabled;False;980921724959
aws;Cybersecurity & Infrastructure Security Agency's (CISA) Cyber Essentials is a guide for leaders of small businesses as well as leaders of small and local government agencies to develop an actionable understanding of where to start implementing organizational cybersecurity practices.;980921724959;us-east-1;2025-07-12 04:34:04.543013;your-systems-3;Implement security configurations for all hardware and software assets.;your systems;;;aws;;FAIL;No CloudTrail trails have a data event to record all S3 object-level API operations.;arn:aws:cloudtrail:us-east-1:980921724959:trail;cloudtrail_s3_dataevents_write_enabled;False;980921724959
aws;Cybersecurity & Infrastructure Security Agency's (CISA) Cyber Essentials is a guide for leaders of small businesses as well as leaders of small and local government agencies to develop an actionable understanding of where to start implementing organizational cybersecurity practices.;980921724959;us-east-1;2025-07-12 04:34:04.543013;your-data-2;Learn what is happening on your network, manage network and perimeter components, host and device components, data-at-rest and in-transit, and user behavior activities.;your data;;;aws;;FAIL;No CloudTrail trails have a data event to record all S3 object-level API operations.;arn:aws:cloudtrail:us-east-1:980921724959:trail;cloudtrail_s3_dataevents_write_enabled;False;980921724959
aws;Cybersecurity & Infrastructure Security Agency's (CISA) Cyber Essentials is a guide for leaders of small businesses as well as leaders of small and local government agencies to develop an actionable understanding of where to start implementing organizational cybersecurity practices.;980921724959;us-east-1;2025-07-12 04:34:04.543013;your-systems-3;Implement security configurations for all hardware and software assets.;your systems;;;aws;;FAIL;Log Group /aws/lambda/contactSubmit does not have AWS KMS keys associated.;arn:aws:logs:us-east-1:980921724959:log-group:/aws/lambda/contactSubmit:*;cloudwatch_log_group_kms_encryption_enabled;False;/aws/lambda/contactSubmit
aws;Cybersecurity & Infrastructure Security Agency's (CISA) Cyber Essentials is a guide for leaders of small businesses as well as leaders of small and local government agencies to develop an actionable understanding of where to start implementing organizational cybersecurity practices.;980921724959;us-east-1;2025-07-12 04:34:04.543013;your-data-2;Learn what is happening on your network, manage network and perimeter components, host and device components, data-at-rest and in-transit, and user behavior activities.;your data;;;aws;;FAIL;Log Group /aws/lambda/contactSubmit does not have AWS KMS keys associated.;arn:aws:logs:us-east-1:980921724959:log-group:/aws/lambda/contactSubmit:*;cloudwatch_log_group_kms_encryption_enabled;False;/aws/lambda/contactSubmit
aws;Cybersecurity & Infrastructure Security Agency's (CISA) Cyber Essentials is a guide for leaders of small businesses as well as leaders of small and local government agencies to develop an actionable understanding of where to start implementing organizational cybersecurity practices.;980921724959;us-east-1;2025-07-12 04:34:04.543013;your-systems-3;Implement security configurations for all hardware and software assets.;your systems;;;aws;;FAIL;Log Group /aws/lambda/getExpirationDate does not have AWS KMS keys associated.;arn:aws:logs:us-east-1:980921724959:log-group:/aws/lambda/getExpirationDate:*;cloudwatch_log_group_kms_encryption_enabled;False;/aws/lambda/getExpirationDate
aws;Cybersecurity & Infrastructure Security Agency's (CISA) Cyber Essentials is a guide for leaders of small businesses as well as leaders of small and local government agencies to develop an actionable understanding of where to start implementing organizational cybersecurity practices.;980921724959;us-east-1;2025-07-12 04:34:04.543013;your-data-2;Learn what is happening on your network, manage network and perimeter components, host and device components, data-at-rest and in-transit, and user behavior activities.;your data;;;aws;;FAIL;Log Group /aws/lambda/getExpirationDate does not have AWS KMS keys associated.;arn:aws:logs:us-east-1:980921724959:log-group:/aws/lambda/getExpirationDate:*;cloudwatch_log_group_kms_encryption_enabled;False;/aws/lambda/getExpirationDate
aws;Cybersecurity & Infrastructure Security Agency's (CISA) Cyber Essentials is a guide for leaders of small businesses as well as leaders of small and local government agencies to develop an actionable understanding of where to start implementing organizational cybersecurity practices.;980921724959;us-east-1;2025-07-12 04:34:04.543013;your-data-2;Learn what is happening on your network, manage network and perimeter components, host and device components, data-at-rest and in-transit, and user behavior activities.;your data;;;aws;;FAIL;No CloudWatch log groups found with metric filters or alarms associated.;arn:aws:logs:us-east-1:980921724959:log-group;cloudwatch_log_metric_filter_and_alarm_for_cloudtrail_configuration_changes_enabled;False;980921724959
aws;Cybersecurity & Infrastructure Security Agency's (CISA) Cyber Essentials is a guide for leaders of small businesses as well as leaders of small and local government agencies to develop an actionable understanding of where to start implementing organizational cybersecurity practices.;980921724959;us-east-1;2025-07-12 04:34:04.543013;your-systems-3;Implement security configurations for all hardware and software assets.;your systems;;;aws;;PASS;EBS Snapshot snap-0bb98c9d5d5867c94 is not Public.;arn:aws:ec2:us-east-1:980921724959:snapshot/snap-0bb98c9d5d5867c94;ec2_ebs_public_snapshot;False;snap-0bb98c9d5d5867c94
aws;Cybersecurity & Infrastructure Security Agency's (CISA) Cyber Essentials is a guide for leaders of small businesses as well as leaders of small and local government agencies to develop an actionable understanding of where to start implementing organizational cybersecurity practices.;980921724959;us-east-1;2025-07-12 04:34:04.543013;your-data-2;Learn what is happening on your network, manage network and perimeter components, host and device components, data-at-rest and in-transit, and user behavior activities.;your data;;;aws;;FAIL;Network ACL acl-07b85ea5a86248ec3 has every port open to the Internet.;arn:aws:ec2:us-east-1:980921724959:network-acl/acl-07b85ea5a86248ec3;ec2_networkacl_allow_ingress_any_port;False;acl-07b85ea5a86248ec3
aws;Cybersecurity & Infrastructure Security Agency's (CISA) Cyber Essentials is a guide for leaders of small businesses as well as leaders of small and local government agencies to develop an actionable understanding of where to start implementing organizational cybersecurity practices.;980921724959;us-east-1;2025-07-12 04:34:04.543013;your-systems-3;Implement security configurations for all hardware and software assets.;your systems;;;aws;;FAIL;GuardDuty is not enabled.;arn:aws:guardduty:us-east-1:980921724959:detector/unknown;guardduty_is_enabled;False;detector/unknown
aws;Cybersecurity & Infrastructure Security Agency's (CISA) Cyber Essentials is a guide for leaders of small businesses as well as leaders of small and local government agencies to develop an actionable understanding of where to start implementing organizational cybersecurity practices.;980921724959;us-east-1;2025-07-12 04:34:04.543013;your-crisis-response-2;Lead development of an internal reporting structure to detect, communicate and contain attacks.;your crisis response;;;aws;;FAIL;GuardDuty is not enabled.;arn:aws:guardduty:us-east-1:980921724959:detector/unknown;guardduty_is_enabled;False;detector/unknown
aws;Cybersecurity & Infrastructure Security Agency's (CISA) Cyber Essentials is a guide for leaders of small businesses as well as leaders of small and local government agencies to develop an actionable understanding of where to start implementing organizational cybersecurity practices.;980921724959;us-east-1;2025-07-12 04:34:04.543013;your-systems-3;Implement security configurations for all hardware and software assets.;your systems;;;aws;;PASS;AWS policy AWSTrustedAdvisorServiceRolePolicy is attached but does not allow '*:*' administrative privileges.;arn:aws:iam::aws:policy/aws-service-role/AWSTrustedAdvisorServiceRolePolicy;iam_aws_attached_policy_no_administrative_privileges;False;AWSTrustedAdvisorServiceRolePolicy
aws;Cybersecurity & Infrastructure Security Agency's (CISA) Cyber Essentials is a guide for leaders of small businesses as well as leaders of small and local government agencies to develop an actionable understanding of where to start implementing organizational cybersecurity practices.;980921724959;us-east-1;2025-07-12 04:34:04.543013;your-surroundings-3;Grant access and admin permissions based on need-to-know and least privilege.;your surroundings;;;aws;;PASS;AWS policy AWSTrustedAdvisorServiceRolePolicy is attached but does not allow '*:*' administrative privileges.;arn:aws:iam::aws:policy/aws-service-role/AWSTrustedAdvisorServiceRolePolicy;iam_aws_attached_policy_no_administrative_privileges;False;AWSTrustedAdvisorServiceRolePolicy
aws;Cybersecurity & Infrastructure Security Agency's (CISA) Cyber Essentials is a guide for leaders of small businesses as well as leaders of small and local government agencies to develop an actionable understanding of where to start implementing organizational cybersecurity practices.;980921724959;us-east-1;2025-07-12 04:34:04.543013;your-systems-3;Implement security configurations for all hardware and software assets.;your systems;;;aws;;FAIL;AWS policy AdministratorAccess is attached and allows '*:*' administrative privileges.;arn:aws:iam::aws:policy/AdministratorAccess;iam_aws_attached_policy_no_administrative_privileges;False;AdministratorAccess
aws;Cybersecurity & Infrastructure Security Agency's (CISA) Cyber Essentials is a guide for leaders of small businesses as well as leaders of small and local government agencies to develop an actionable understanding of where to start implementing organizational cybersecurity practices.;980921724959;us-east-1;2025-07-12 04:34:04.543013;your-surroundings-3;Grant access and admin permissions based on need-to-know and least privilege.;your surroundings;;;aws;;FAIL;AWS policy AdministratorAccess is attached and allows '*:*' administrative privileges.;arn:aws:iam::aws:policy/AdministratorAccess;iam_aws_attached_policy_no_administrative_privileges;False;AdministratorAccess
aws;Cybersecurity & Infrastructure Security Agency's (CISA) Cyber Essentials is a guide for leaders of small businesses as well as leaders of small and local government agencies to develop an actionable understanding of where to start implementing organizational cybersecurity practices.;980921724959;us-east-1;2025-07-12 04:34:04.543013;your-systems-3;Implement security configurations for all hardware and software assets.;your systems;;;aws;;PASS;AWS policy AWSSupportServiceRolePolicy is attached but does not allow '*:*' administrative privileges.;arn:aws:iam::aws:policy/aws-service-role/AWSSupportServiceRolePolicy;iam_aws_attached_policy_no_administrative_privileges;False;AWSSupportServiceRolePolicy
aws;Cybersecurity & Infrastructure Security Agency's (CISA) Cyber Essentials is a guide for leaders of small businesses as well as leaders of small and local government agencies to develop an actionable understanding of where to start implementing organizational cybersecurity practices.;980921724959;us-east-1;2025-07-12 04:34:04.543013;your-surroundings-3;Grant access and admin permissions based on need-to-know and least privilege.;your surroundings;;;aws;;PASS;AWS policy AWSSupportServiceRolePolicy is attached but does not allow '*:*' administrative privileges.;arn:aws:iam::aws:policy/aws-service-role/AWSSupportServiceRolePolicy;iam_aws_attached_policy_no_administrative_privileges;False;AWSSupportServiceRolePolicy
aws;Cybersecurity & Infrastructure Security Agency's (CISA) Cyber Essentials is a guide for leaders of small businesses as well as leaders of small and local government agencies to develop an actionable understanding of where to start implementing organizational cybersecurity practices.;980921724959;us-east-1;2025-07-12 04:34:04.543013;your-systems-3;Implement security configurations for all hardware and software assets.;your systems;;;aws;;PASS;Custom policy AWSLambdaBasicExecutionRole-8148220f-b4ab-4a53-b85a-eac887f8b176 is attached but does not allow '*:*' administrative privileges.;arn:aws:iam::980921724959:policy/service-role/AWSLambdaBasicExecutionRole-8148220f-b4ab-4a53-b85a-eac887f8b176;iam_customer_attached_policy_no_administrative_privileges;False;AWSLambdaBasicExecutionRole-8148220f-b4ab-4a53-b85a-eac887f8b176
aws;Cybersecurity & Infrastructure Security Agency's (CISA) Cyber Essentials is a guide for leaders of small businesses as well as leaders of small and local government agencies to develop an actionable understanding of where to start implementing organizational cybersecurity practices.;980921724959;us-east-1;2025-07-12 04:34:04.543013;your-surroundings-3;Grant access and admin permissions based on need-to-know and least privilege.;your surroundings;;;aws;;PASS;Custom policy AWSLambdaBasicExecutionRole-8148220f-b4ab-4a53-b85a-eac887f8b176 is attached but does not allow '*:*' administrative privileges.;arn:aws:iam::980921724959:policy/service-role/AWSLambdaBasicExecutionRole-8148220f-b4ab-4a53-b85a-eac887f8b176;iam_customer_attached_policy_no_administrative_privileges;False;AWSLambdaBasicExecutionRole-8148220f-b4ab-4a53-b85a-eac887f8b176
aws;Cybersecurity & Infrastructure Security Agency's (CISA) Cyber Essentials is a guide for leaders of small businesses as well as leaders of small and local government agencies to develop an actionable understanding of where to start implementing organizational cybersecurity practices.;980921724959;us-east-1;2025-07-12 04:34:04.543013;your-systems-3;Implement security configurations for all hardware and software assets.;your systems;;;aws;;PASS;Custom policy dd_s3_upload is attached but does not allow '*:*' administrative privileges.;arn:aws:iam::980921724959:policy/dd_s3_upload;iam_customer_attached_policy_no_administrative_privileges;False;dd_s3_upload
aws;Cybersecurity & Infrastructure Security Agency's (CISA) Cyber Essentials is a guide for leaders of small businesses as well as leaders of small and local government agencies to develop an actionable understanding of where to start implementing organizational cybersecurity practices.;980921724959;us-east-1;2025-07-12 04:34:04.543013;your-surroundings-3;Grant access and admin permissions based on need-to-know and least privilege.;your surroundings;;;aws;;PASS;Custom policy dd_s3_upload is attached but does not allow '*:*' administrative privileges.;arn:aws:iam::980921724959:policy/dd_s3_upload;iam_customer_attached_policy_no_administrative_privileges;False;dd_s3_upload
aws;Cybersecurity & Infrastructure Security Agency's (CISA) Cyber Essentials is a guide for leaders of small businesses as well as leaders of small and local government agencies to develop an actionable understanding of where to start implementing organizational cybersecurity practices.;980921724959;us-east-1;2025-07-12 04:34:04.543013;your-systems-3;Implement security configurations for all hardware and software assets.;your systems;;;aws;;PASS;Custom policy AWSLambdaBasicExecutionRole-acb5bea7-9694-447c-85e4-148d9f80261e is attached but does not allow '*:*' administrative privileges.;arn:aws:iam::980921724959:policy/service-role/AWSLambdaBasicExecutionRole-acb5bea7-9694-447c-85e4-148d9f80261e;iam_customer_attached_policy_no_administrative_privileges;False;AWSLambdaBasicExecutionRole-acb5bea7-9694-447c-85e4-148d9f80261e
aws;Cybersecurity & Infrastructure Security Agency's (CISA) Cyber Essentials is a guide for leaders of small businesses as well as leaders of small and local government agencies to develop an actionable understanding of where to start implementing organizational cybersecurity practices.;980921724959;us-east-1;2025-07-12 04:34:04.543013;your-surroundings-3;Grant access and admin permissions based on need-to-know and least privilege.;your surroundings;;;aws;;PASS;Custom policy AWSLambdaBasicExecutionRole-acb5bea7-9694-447c-85e4-148d9f80261e is attached but does not allow '*:*' administrative privileges.;arn:aws:iam::980921724959:policy/service-role/AWSLambdaBasicExecutionRole-acb5bea7-9694-447c-85e4-148d9f80261e;iam_customer_attached_policy_no_administrative_privileges;False;AWSLambdaBasicExecutionRole-acb5bea7-9694-447c-85e4-148d9f80261e
aws;Cybersecurity & Infrastructure Security Agency's (CISA) Cyber Essentials is a guide for leaders of small businesses as well as leaders of small and local government agencies to develop an actionable understanding of where to start implementing organizational cybersecurity practices.;980921724959;us-east-1;2025-07-12 04:34:04.543013;your-systems-3;Implement security configurations for all hardware and software assets.;your systems;;;aws;;PASS;Custom Policy AWSLambdaBasicExecutionRole-8148220f-b4ab-4a53-b85a-eac887f8b176 does not allow permissive STS Role assumption.;arn:aws:iam::980921724959:policy/service-role/AWSLambdaBasicExecutionRole-8148220f-b4ab-4a53-b85a-eac887f8b176;iam_no_custom_policy_permissive_role_assumption;False;AWSLambdaBasicExecutionRole-8148220f-b4ab-4a53-b85a-eac887f8b176
aws;Cybersecurity & Infrastructure Security Agency's (CISA) Cyber Essentials is a guide for leaders of small businesses as well as leaders of small and local government agencies to develop an actionable understanding of where to start implementing organizational cybersecurity practices.;980921724959;us-east-1;2025-07-12 04:34:04.543013;your-surroundings-3;Grant access and admin permissions based on need-to-know and least privilege.;your surroundings;;;aws;;PASS;Custom Policy AWSLambdaBasicExecutionRole-8148220f-b4ab-4a53-b85a-eac887f8b176 does not allow permissive STS Role assumption.;arn:aws:iam::980921724959:policy/service-role/AWSLambdaBasicExecutionRole-8148220f-b4ab-4a53-b85a-eac887f8b176;iam_no_custom_policy_permissive_role_assumption;False;AWSLambdaBasicExecutionRole-8148220f-b4ab-4a53-b85a-eac887f8b176
aws;Cybersecurity & Infrastructure Security Agency's (CISA) Cyber Essentials is a guide for leaders of small businesses as well as leaders of small and local government agencies to develop an actionable understanding of where to start implementing organizational cybersecurity practices.;980921724959;us-east-1;2025-07-12 04:34:04.543013;your-systems-3;Implement security configurations for all hardware and software assets.;your systems;;;aws;;PASS;Custom Policy dd_s3_upload does not allow permissive STS Role assumption.;arn:aws:iam::980921724959:policy/dd_s3_upload;iam_no_custom_policy_permissive_role_assumption;False;dd_s3_upload
aws;Cybersecurity & Infrastructure Security Agency's (CISA) Cyber Essentials is a guide for leaders of small businesses as well as leaders of small and local government agencies to develop an actionable understanding of where to start implementing organizational cybersecurity practices.;980921724959;us-east-1;2025-07-12 04:34:04.543013;your-surroundings-3;Grant access and admin permissions based on need-to-know and least privilege.;your surroundings;;;aws;;PASS;Custom Policy dd_s3_upload does not allow permissive STS Role assumption.;arn:aws:iam::980921724959:policy/dd_s3_upload;iam_no_custom_policy_permissive_role_assumption;False;dd_s3_upload
aws;Cybersecurity & Infrastructure Security Agency's (CISA) Cyber Essentials is a guide for leaders of small businesses as well as leaders of small and local government agencies to develop an actionable understanding of where to start implementing organizational cybersecurity practices.;980921724959;us-east-1;2025-07-12 04:34:04.543013;your-systems-3;Implement security configurations for all hardware and software assets.;your systems;;;aws;;PASS;Custom Policy AWSLambdaBasicExecutionRole-acb5bea7-9694-447c-85e4-148d9f80261e does not allow permissive STS Role assumption.;arn:aws:iam::980921724959:policy/service-role/AWSLambdaBasicExecutionRole-acb5bea7-9694-447c-85e4-148d9f80261e;iam_no_custom_policy_permissive_role_assumption;False;AWSLambdaBasicExecutionRole-acb5bea7-9694-447c-85e4-148d9f80261e
aws;Cybersecurity & Infrastructure Security Agency's (CISA) Cyber Essentials is a guide for leaders of small businesses as well as leaders of small and local government agencies to develop an actionable understanding of where to start implementing organizational cybersecurity practices.;980921724959;us-east-1;2025-07-12 04:34:04.543013;your-surroundings-3;Grant access and admin permissions based on need-to-know and least privilege.;your surroundings;;;aws;;PASS;Custom Policy AWSLambdaBasicExecutionRole-acb5bea7-9694-447c-85e4-148d9f80261e does not allow permissive STS Role assumption.;arn:aws:iam::980921724959:policy/service-role/AWSLambdaBasicExecutionRole-acb5bea7-9694-447c-85e4-148d9f80261e;iam_no_custom_policy_permissive_role_assumption;False;AWSLambdaBasicExecutionRole-acb5bea7-9694-447c-85e4-148d9f80261e
aws;Cybersecurity & Infrastructure Security Agency's (CISA) Cyber Essentials is a guide for leaders of small businesses as well as leaders of small and local government agencies to develop an actionable understanding of where to start implementing organizational cybersecurity practices.;980921724959;us-east-1;2025-07-12 04:34:04.543013;your-systems-3;Implement security configurations for all hardware and software assets.;your systems;;;aws;;PASS;Root account does not have access keys.;arn:aws:iam::980921724959:root;iam_no_root_access_key;False;<root_account>
aws;Cybersecurity & Infrastructure Security Agency's (CISA) Cyber Essentials is a guide for leaders of small businesses as well as leaders of small and local government agencies to develop an actionable understanding of where to start implementing organizational cybersecurity practices.;980921724959;us-east-1;2025-07-12 04:34:04.543013;your-surroundings-3;Grant access and admin permissions based on need-to-know and least privilege.;your surroundings;;;aws;;PASS;Root account does not have access keys.;arn:aws:iam::980921724959:root;iam_no_root_access_key;False;<root_account>
aws;Cybersecurity & Infrastructure Security Agency's (CISA) Cyber Essentials is a guide for leaders of small businesses as well as leaders of small and local government agencies to develop an actionable understanding of where to start implementing organizational cybersecurity practices.;980921724959;us-east-1;2025-07-12 04:34:04.543013;your-systems-3;Implement security configurations for all hardware and software assets.;your systems;;;aws;;FAIL;IAM password policy does not require at least one lowercase letter.;arn:aws:iam:us-east-1:980921724959:password-policy;iam_password_policy_lowercase;False;980921724959
aws;Cybersecurity & Infrastructure Security Agency's (CISA) Cyber Essentials is a guide for leaders of small businesses as well as leaders of small and local government agencies to develop an actionable understanding of where to start implementing organizational cybersecurity practices.;980921724959;us-east-1;2025-07-12 04:34:04.543013;your-surroundings-4;Leverage unique passwords for all user accounts.;your surroundings;;;aws;;FAIL;IAM password policy does not require at least one lowercase letter.;arn:aws:iam:us-east-1:980921724959:password-policy;iam_password_policy_lowercase;False;980921724959
aws;Cybersecurity & Infrastructure Security Agency's (CISA) Cyber Essentials is a guide for leaders of small businesses as well as leaders of small and local government agencies to develop an actionable understanding of where to start implementing organizational cybersecurity practices.;980921724959;us-east-1;2025-07-12 04:34:04.543013;your-systems-3;Implement security configurations for all hardware and software assets.;your systems;;;aws;;FAIL;IAM password policy does not require minimum length of 14 characters.;arn:aws:iam:us-east-1:980921724959:password-policy;iam_password_policy_minimum_length_14;False;980921724959
aws;Cybersecurity & Infrastructure Security Agency's (CISA) Cyber Essentials is a guide for leaders of small businesses as well as leaders of small and local government agencies to develop an actionable understanding of where to start implementing organizational cybersecurity practices.;980921724959;us-east-1;2025-07-12 04:34:04.543013;your-surroundings-4;Leverage unique passwords for all user accounts.;your surroundings;;;aws;;FAIL;IAM password policy does not require minimum length of 14 characters.;arn:aws:iam:us-east-1:980921724959:password-policy;iam_password_policy_minimum_length_14;False;980921724959
aws;Cybersecurity & Infrastructure Security Agency's (CISA) Cyber Essentials is a guide for leaders of small businesses as well as leaders of small and local government agencies to develop an actionable understanding of where to start implementing organizational cybersecurity practices.;980921724959;us-east-1;2025-07-12 04:34:04.543013;your-systems-3;Implement security configurations for all hardware and software assets.;your systems;;;aws;;FAIL;IAM password policy does not require at least one number.;arn:aws:iam:us-east-1:980921724959:password-policy;iam_password_policy_number;False;980921724959
aws;Cybersecurity & Infrastructure Security Agency's (CISA) Cyber Essentials is a guide for leaders of small businesses as well as leaders of small and local government agencies to develop an actionable understanding of where to start implementing organizational cybersecurity practices.;980921724959;us-east-1;2025-07-12 04:34:04.543013;your-surroundings-4;Leverage unique passwords for all user accounts.;your surroundings;;;aws;;FAIL;IAM password policy does not require at least one number.;arn:aws:iam:us-east-1:980921724959:password-policy;iam_password_policy_number;False;980921724959
aws;Cybersecurity & Infrastructure Security Agency's (CISA) Cyber Essentials is a guide for leaders of small businesses as well as leaders of small and local government agencies to develop an actionable understanding of where to start implementing organizational cybersecurity practices.;980921724959;us-east-1;2025-07-12 04:34:04.543013;your-systems-3;Implement security configurations for all hardware and software assets.;your systems;;;aws;;FAIL;IAM password policy does not require at least one symbol.;arn:aws:iam:us-east-1:980921724959:password-policy;iam_password_policy_symbol;False;980921724959
aws;Cybersecurity & Infrastructure Security Agency's (CISA) Cyber Essentials is a guide for leaders of small businesses as well as leaders of small and local government agencies to develop an actionable understanding of where to start implementing organizational cybersecurity practices.;980921724959;us-east-1;2025-07-12 04:34:04.543013;your-surroundings-4;Leverage unique passwords for all user accounts.;your surroundings;;;aws;;FAIL;IAM password policy does not require at least one symbol.;arn:aws:iam:us-east-1:980921724959:password-policy;iam_password_policy_symbol;False;980921724959
aws;Cybersecurity & Infrastructure Security Agency's (CISA) Cyber Essentials is a guide for leaders of small businesses as well as leaders of small and local government agencies to develop an actionable understanding of where to start implementing organizational cybersecurity practices.;980921724959;us-east-1;2025-07-12 04:34:04.543013;your-systems-3;Implement security configurations for all hardware and software assets.;your systems;;;aws;;FAIL;IAM password policy does not require at least one uppercase letter.;arn:aws:iam:us-east-1:980921724959:password-policy;iam_password_policy_uppercase;False;980921724959
aws;Cybersecurity & Infrastructure Security Agency's (CISA) Cyber Essentials is a guide for leaders of small businesses as well as leaders of small and local government agencies to develop an actionable understanding of where to start implementing organizational cybersecurity practices.;980921724959;us-east-1;2025-07-12 04:34:04.543013;your-surroundings-4;Leverage unique passwords for all user accounts.;your surroundings;;;aws;;FAIL;IAM password policy does not require at least one uppercase letter.;arn:aws:iam:us-east-1:980921724959:password-policy;iam_password_policy_uppercase;False;980921724959
aws;Cybersecurity & Infrastructure Security Agency's (CISA) Cyber Essentials is a guide for leaders of small businesses as well as leaders of small and local government agencies to develop an actionable understanding of where to start implementing organizational cybersecurity practices.;980921724959;us-east-1;2025-07-12 04:34:04.543013;your-systems-3;Implement security configurations for all hardware and software assets.;your systems;;;aws;;FAIL;Root account has a virtual MFA instead of a hardware MFA device enabled.;arn:aws:iam:us-east-1:980921724959:mfa;iam_root_hardware_mfa_enabled;False;<root_account>
aws;Cybersecurity & Infrastructure Security Agency's (CISA) Cyber Essentials is a guide for leaders of small businesses as well as leaders of small and local government agencies to develop an actionable understanding of where to start implementing organizational cybersecurity practices.;980921724959;us-east-1;2025-07-12 04:34:04.543013;your-surroundings-2;Leverage multi-factor authentication for all users, starting with privileged, administrative and remote access users.;your surroundings;;;aws;;FAIL;Root account has a virtual MFA instead of a hardware MFA device enabled.;arn:aws:iam:us-east-1:980921724959:mfa;iam_root_hardware_mfa_enabled;False;<root_account>
aws;Cybersecurity & Infrastructure Security Agency's (CISA) Cyber Essentials is a guide for leaders of small businesses as well as leaders of small and local government agencies to develop an actionable understanding of where to start implementing organizational cybersecurity practices.;980921724959;us-east-1;2025-07-12 04:34:04.543013;your-systems-3;Implement security configurations for all hardware and software assets.;your systems;;;aws;;PASS;MFA is enabled for root account.;arn:aws:iam::980921724959:root;iam_root_mfa_enabled;False;<root_account>
aws;Cybersecurity & Infrastructure Security Agency's (CISA) Cyber Essentials is a guide for leaders of small businesses as well as leaders of small and local government agencies to develop an actionable understanding of where to start implementing organizational cybersecurity practices.;980921724959;us-east-1;2025-07-12 04:34:04.543013;your-surroundings-2;Leverage multi-factor authentication for all users, starting with privileged, administrative and remote access users.;your surroundings;;;aws;;PASS;MFA is enabled for root account.;arn:aws:iam::980921724959:root;iam_root_mfa_enabled;False;<root_account>
aws;Cybersecurity & Infrastructure Security Agency's (CISA) Cyber Essentials is a guide for leaders of small businesses as well as leaders of small and local government agencies to develop an actionable understanding of where to start implementing organizational cybersecurity practices.;980921724959;us-east-1;2025-07-12 04:34:04.543013;booting-up-thing-to-do-first-2;Require multi-factor authentication (MFA) for accessing your systems whenever possible. MFA should be required of all users, but start with privileged, administrative, and remote access users.;booting up thing to do first;;;aws;;PASS;MFA is enabled for root account.;arn:aws:iam::980921724959:root;iam_root_mfa_enabled;False;<root_account>
aws;Cybersecurity & Infrastructure Security Agency's (CISA) Cyber Essentials is a guide for leaders of small businesses as well as leaders of small and local government agencies to develop an actionable understanding of where to start implementing organizational cybersecurity practices.;980921724959;us-east-1;2025-07-12 04:34:04.543013;your-systems-3;Implement security configurations for all hardware and software assets.;your systems;;;aws;;PASS;User <root_account> does not have access keys.;arn:aws:iam::980921724959:root;iam_rotate_access_key_90_days;False;<root_account>
aws;Cybersecurity & Infrastructure Security Agency's (CISA) Cyber Essentials is a guide for leaders of small businesses as well as leaders of small and local government agencies to develop an actionable understanding of where to start implementing organizational cybersecurity practices.;980921724959;us-east-1;2025-07-12 04:34:04.543013;your-systems-3;Implement security configurations for all hardware and software assets.;your systems;;;aws;;PASS;User dd_s3_user does not have access keys older than 90 days.;arn:aws:iam::980921724959:user/dd_s3_user;iam_rotate_access_key_90_days;False;dd_s3_user
aws;Cybersecurity & Infrastructure Security Agency's (CISA) Cyber Essentials is a guide for leaders of small businesses as well as leaders of small and local government agencies to develop an actionable understanding of where to start implementing organizational cybersecurity practices.;980921724959;us-east-1;2025-07-12 04:34:04.543013;your-systems-3;Implement security configurations for all hardware and software assets.;your systems;;;aws;;PASS;User ramanatech_user1 does not have access keys older than 90 days.;arn:aws:iam::980921724959:user/ramanatech_user1;iam_rotate_access_key_90_days;False;ramanatech_user1
aws;Cybersecurity & Infrastructure Security Agency's (CISA) Cyber Essentials is a guide for leaders of small businesses as well as leaders of small and local government agencies to develop an actionable understanding of where to start implementing organizational cybersecurity practices.;980921724959;us-east-1;2025-07-12 04:34:04.543013;your-systems-3;Implement security configurations for all hardware and software assets.;your systems;;;aws;;PASS;User ramanatech_user2 does not have access keys older than 90 days.;arn:aws:iam::980921724959:user/ramanatech_user2;iam_rotate_access_key_90_days;False;ramanatech_user2
aws;Cybersecurity & Infrastructure Security Agency's (CISA) Cyber Essentials is a guide for leaders of small businesses as well as leaders of small and local government agencies to develop an actionable understanding of where to start implementing organizational cybersecurity practices.;980921724959;us-east-1;2025-07-12 04:34:04.543013;your-systems-3;Implement security configurations for all hardware and software assets.;your systems;;;aws;;PASS;User <root_account> does not have access keys.;arn:aws:iam::980921724959:root;iam_user_accesskey_unused;False;<root_account>
aws;Cybersecurity & Infrastructure Security Agency's (CISA) Cyber Essentials is a guide for leaders of small businesses as well as leaders of small and local government agencies to develop an actionable understanding of where to start implementing organizational cybersecurity practices.;980921724959;us-east-1;2025-07-12 04:34:04.543013;your-systems-3;Implement security configurations for all hardware and software assets.;your systems;;;aws;;PASS;User dd_s3_user does not have unused access keys for 45 days.;arn:aws:iam::980921724959:user/dd_s3_user;iam_user_accesskey_unused;False;dd_s3_user
aws;Cybersecurity & Infrastructure Security Agency's (CISA) Cyber Essentials is a guide for leaders of small businesses as well as leaders of small and local government agencies to develop an actionable understanding of where to start implementing organizational cybersecurity practices.;980921724959;us-east-1;2025-07-12 04:34:04.543013;your-systems-3;Implement security configurations for all hardware and software assets.;your systems;;;aws;;PASS;User ramanatech_user1 does not have unused access keys for 45 days.;arn:aws:iam::980921724959:user/ramanatech_user1;iam_user_accesskey_unused;False;ramanatech_user1
aws;Cybersecurity & Infrastructure Security Agency's (CISA) Cyber Essentials is a guide for leaders of small businesses as well as leaders of small and local government agencies to develop an actionable understanding of where to start implementing organizational cybersecurity practices.;980921724959;us-east-1;2025-07-12 04:34:04.543013;your-systems-3;Implement security configurations for all hardware and software assets.;your systems;;;aws;;PASS;User ramanatech_user2 does not have unused access keys for 45 days.;arn:aws:iam::980921724959:user/ramanatech_user2;iam_user_accesskey_unused;False;ramanatech_user2
aws;Cybersecurity & Infrastructure Security Agency's (CISA) Cyber Essentials is a guide for leaders of small businesses as well as leaders of small and local government agencies to develop an actionable understanding of where to start implementing organizational cybersecurity practices.;980921724959;us-east-1;2025-07-12 04:34:04.543013;your-systems-3;Implement security configurations for all hardware and software assets.;your systems;;;aws;;PASS;User dd_s3_user does not have console access enabled or is unused.;arn:aws:iam::980921724959:user/dd_s3_user;iam_user_console_access_unused;False;dd_s3_user
aws;Cybersecurity & Infrastructure Security Agency's (CISA) Cyber Essentials is a guide for leaders of small businesses as well as leaders of small and local government agencies to develop an actionable understanding of where to start implementing organizational cybersecurity practices.;980921724959;us-east-1;2025-07-12 04:34:04.543013;your-systems-3;Implement security configurations for all hardware and software assets.;your systems;;;aws;;PASS;User ramanatech_user1 does not have console access enabled or is unused.;arn:aws:iam::980921724959:user/ramanatech_user1;iam_user_console_access_unused;False;ramanatech_user1
aws;Cybersecurity & Infrastructure Security Agency's (CISA) Cyber Essentials is a guide for leaders of small businesses as well as leaders of small and local government agencies to develop an actionable understanding of where to start implementing organizational cybersecurity practices.;980921724959;us-east-1;2025-07-12 04:34:04.543013;your-systems-3;Implement security configurations for all hardware and software assets.;your systems;;;aws;;PASS;User ramanatech_user2 does not have console access enabled or is unused.;arn:aws:iam::980921724959:user/ramanatech_user2;iam_user_console_access_unused;False;ramanatech_user2
aws;Cybersecurity & Infrastructure Security Agency's (CISA) Cyber Essentials is a guide for leaders of small businesses as well as leaders of small and local government agencies to develop an actionable understanding of where to start implementing organizational cybersecurity practices.;980921724959;us-east-1;2025-07-12 04:34:04.543013;booting-up-thing-to-do-first-2;Require multi-factor authentication (MFA) for accessing your systems whenever possible. MFA should be required of all users, but start with privileged, administrative, and remote access users.;booting up thing to do first;;;aws;;FAIL;User dd_s3_user does not have any type of MFA enabled.;arn:aws:iam::980921724959:user/dd_s3_user;iam_user_hardware_mfa_enabled;False;dd_s3_user
aws;Cybersecurity & Infrastructure Security Agency's (CISA) Cyber Essentials is a guide for leaders of small businesses as well as leaders of small and local government agencies to develop an actionable understanding of where to start implementing organizational cybersecurity practices.;980921724959;us-east-1;2025-07-12 04:34:04.543013;booting-up-thing-to-do-first-2;Require multi-factor authentication (MFA) for accessing your systems whenever possible. MFA should be required of all users, but start with privileged, administrative, and remote access users.;booting up thing to do first;;;aws;;FAIL;User ramanatech_user1 does not have any type of MFA enabled.;arn:aws:iam::980921724959:user/ramanatech_user1;iam_user_hardware_mfa_enabled;False;ramanatech_user1
aws;Cybersecurity & Infrastructure Security Agency's (CISA) Cyber Essentials is a guide for leaders of small businesses as well as leaders of small and local government agencies to develop an actionable understanding of where to start implementing organizational cybersecurity practices.;980921724959;us-east-1;2025-07-12 04:34:04.543013;booting-up-thing-to-do-first-2;Require multi-factor authentication (MFA) for accessing your systems whenever possible. MFA should be required of all users, but start with privileged, administrative, and remote access users.;booting up thing to do first;;;aws;;FAIL;User ramanatech_user2 does not have any type of MFA enabled.;arn:aws:iam::980921724959:user/ramanatech_user2;iam_user_hardware_mfa_enabled;False;ramanatech_user2
aws;Cybersecurity & Infrastructure Security Agency's (CISA) Cyber Essentials is a guide for leaders of small businesses as well as leaders of small and local government agencies to develop an actionable understanding of where to start implementing organizational cybersecurity practices.;980921724959;us-east-1;2025-07-12 04:34:04.543013;your-systems-3;Implement security configurations for all hardware and software assets.;your systems;;;aws;;PASS;User dd_s3_user does not have Console Password enabled.;arn:aws:iam::980921724959:user/dd_s3_user;iam_user_mfa_enabled_console_access;False;dd_s3_user
aws;Cybersecurity & Infrastructure Security Agency's (CISA) Cyber Essentials is a guide for leaders of small businesses as well as leaders of small and local government agencies to develop an actionable understanding of where to start implementing organizational cybersecurity practices.;980921724959;us-east-1;2025-07-12 04:34:04.543013;your-surroundings-2;Leverage multi-factor authentication for all users, starting with privileged, administrative and remote access users.;your surroundings;;;aws;;PASS;User dd_s3_user does not have Console Password enabled.;arn:aws:iam::980921724959:user/dd_s3_user;iam_user_mfa_enabled_console_access;False;dd_s3_user
aws;Cybersecurity & Infrastructure Security Agency's (CISA) Cyber Essentials is a guide for leaders of small businesses as well as leaders of small and local government agencies to develop an actionable understanding of where to start implementing organizational cybersecurity practices.;980921724959;us-east-1;2025-07-12 04:34:04.543013;booting-up-thing-to-do-first-2;Require multi-factor authentication (MFA) for accessing your systems whenever possible. MFA should be required of all users, but start with privileged, administrative, and remote access users.;booting up thing to do first;;;aws;;PASS;User dd_s3_user does not have Console Password enabled.;arn:aws:iam::980921724959:user/dd_s3_user;iam_user_mfa_enabled_console_access;False;dd_s3_user
aws;Cybersecurity & Infrastructure Security Agency's (CISA) Cyber Essentials is a guide for leaders of small businesses as well as leaders of small and local government agencies to develop an actionable understanding of where to start implementing organizational cybersecurity practices.;980921724959;us-east-1;2025-07-12 04:34:04.543013;your-systems-3;Implement security configurations for all hardware and software assets.;your systems;;;aws;;PASS;User ramanatech_user1 does not have Console Password enabled.;arn:aws:iam::980921724959:user/ramanatech_user1;iam_user_mfa_enabled_console_access;False;ramanatech_user1
aws;Cybersecurity & Infrastructure Security Agency's (CISA) Cyber Essentials is a guide for leaders of small businesses as well as leaders of small and local government agencies to develop an actionable understanding of where to start implementing organizational cybersecurity practices.;980921724959;us-east-1;2025-07-12 04:34:04.543013;your-surroundings-2;Leverage multi-factor authentication for all users, starting with privileged, administrative and remote access users.;your surroundings;;;aws;;PASS;User ramanatech_user1 does not have Console Password enabled.;arn:aws:iam::980921724959:user/ramanatech_user1;iam_user_mfa_enabled_console_access;False;ramanatech_user1
aws;Cybersecurity & Infrastructure Security Agency's (CISA) Cyber Essentials is a guide for leaders of small businesses as well as leaders of small and local government agencies to develop an actionable understanding of where to start implementing organizational cybersecurity practices.;980921724959;us-east-1;2025-07-12 04:34:04.543013;booting-up-thing-to-do-first-2;Require multi-factor authentication (MFA) for accessing your systems whenever possible. MFA should be required of all users, but start with privileged, administrative, and remote access users.;booting up thing to do first;;;aws;;PASS;User ramanatech_user1 does not have Console Password enabled.;arn:aws:iam::980921724959:user/ramanatech_user1;iam_user_mfa_enabled_console_access;False;ramanatech_user1
aws;Cybersecurity & Infrastructure Security Agency's (CISA) Cyber Essentials is a guide for leaders of small businesses as well as leaders of small and local government agencies to develop an actionable understanding of where to start implementing organizational cybersecurity practices.;980921724959;us-east-1;2025-07-12 04:34:04.543013;your-systems-3;Implement security configurations for all hardware and software assets.;your systems;;;aws;;PASS;User ramanatech_user2 does not have Console Password enabled.;arn:aws:iam::980921724959:user/ramanatech_user2;iam_user_mfa_enabled_console_access;False;ramanatech_user2
aws;Cybersecurity & Infrastructure Security Agency's (CISA) Cyber Essentials is a guide for leaders of small businesses as well as leaders of small and local government agencies to develop an actionable understanding of where to start implementing organizational cybersecurity practices.;980921724959;us-east-1;2025-07-12 04:34:04.543013;your-surroundings-2;Leverage multi-factor authentication for all users, starting with privileged, administrative and remote access users.;your surroundings;;;aws;;PASS;User ramanatech_user2 does not have Console Password enabled.;arn:aws:iam::980921724959:user/ramanatech_user2;iam_user_mfa_enabled_console_access;False;ramanatech_user2
aws;Cybersecurity & Infrastructure Security Agency's (CISA) Cyber Essentials is a guide for leaders of small businesses as well as leaders of small and local government agencies to develop an actionable understanding of where to start implementing organizational cybersecurity practices.;980921724959;us-east-1;2025-07-12 04:34:04.543013;booting-up-thing-to-do-first-2;Require multi-factor authentication (MFA) for accessing your systems whenever possible. MFA should be required of all users, but start with privileged, administrative, and remote access users.;booting up thing to do first;;;aws;;PASS;User ramanatech_user2 does not have Console Password enabled.;arn:aws:iam::980921724959:user/ramanatech_user2;iam_user_mfa_enabled_console_access;False;ramanatech_user2
aws;Cybersecurity & Infrastructure Security Agency's (CISA) Cyber Essentials is a guide for leaders of small businesses as well as leaders of small and local government agencies to develop an actionable understanding of where to start implementing organizational cybersecurity practices.;980921724959;us-east-1;2025-07-12 04:34:04.543013;your-systems-3;Implement security configurations for all hardware and software assets.;your systems;;;aws;;FAIL;Block Public Access is not configured for the account 980921724959.;arn:aws:s3:us-east-1:980921724959:account;s3_account_level_public_access_blocks;False;980921724959
aws;Cybersecurity & Infrastructure Security Agency's (CISA) Cyber Essentials is a guide for leaders of small businesses as well as leaders of small and local government agencies to develop an actionable understanding of where to start implementing organizational cybersecurity practices.;980921724959;us-east-1;2025-07-12 04:34:04.543013;your-data-2;Learn what is happening on your network, manage network and perimeter components, host and device components, data-at-rest and in-transit, and user behavior activities.;your data;;;aws;;FAIL;Block Public Access is not configured for the account 980921724959.;arn:aws:s3:us-east-1:980921724959:account;s3_account_level_public_access_blocks;False;980921724959
aws;Cybersecurity & Infrastructure Security Agency's (CISA) Cyber Essentials is a guide for leaders of small businesses as well as leaders of small and local government agencies to develop an actionable understanding of where to start implementing organizational cybersecurity practices.;980921724959;us-east-1;2025-07-12 04:34:04.543013;your-data-2;Learn what is happening on your network, manage network and perimeter components, host and device components, data-at-rest and in-transit, and user behavior activities.;your data;;;aws;;PASS;S3 Bucket www.deepdefence.co has bucket ACLs disabled.;arn:aws:s3:::www.deepdefence.co;s3_bucket_acl_prohibited;False;www.deepdefence.co
aws;Cybersecurity & Infrastructure Security Agency's (CISA) Cyber Essentials is a guide for leaders of small businesses as well as leaders of small and local government agencies to develop an actionable understanding of where to start implementing organizational cybersecurity practices.;980921724959;us-east-1;2025-07-12 04:34:04.543013;your-systems-3;Implement security configurations for all hardware and software assets.;your systems;;;aws;;PASS;S3 Bucket www.deepdefence.co has Server Side Encryption with AES256.;arn:aws:s3:::www.deepdefence.co;s3_bucket_default_encryption;False;www.deepdefence.co
aws;Cybersecurity & Infrastructure Security Agency's (CISA) Cyber Essentials is a guide for leaders of small businesses as well as leaders of small and local government agencies to develop an actionable understanding of where to start implementing organizational cybersecurity practices.;980921724959;us-east-1;2025-07-12 04:34:04.543013;your-data-1;Learn how your data is protected.;your data;;;aws;;PASS;S3 Bucket www.deepdefence.co has Server Side Encryption with AES256.;arn:aws:s3:::www.deepdefence.co;s3_bucket_default_encryption;False;www.deepdefence.co
aws;Cybersecurity & Infrastructure Security Agency's (CISA) Cyber Essentials is a guide for leaders of small businesses as well as leaders of small and local government agencies to develop an actionable understanding of where to start implementing organizational cybersecurity practices.;980921724959;us-east-1;2025-07-12 04:34:04.543013;your-data-2;Learn what is happening on your network, manage network and perimeter components, host and device components, data-at-rest and in-transit, and user behavior activities.;your data;;;aws;;PASS;S3 Bucket www.deepdefence.co has Server Side Encryption with AES256.;arn:aws:s3:::www.deepdefence.co;s3_bucket_default_encryption;False;www.deepdefence.co
aws;Cybersecurity & Infrastructure Security Agency's (CISA) Cyber Essentials is a guide for leaders of small businesses as well as leaders of small and local government agencies to develop an actionable understanding of where to start implementing organizational cybersecurity practices.;980921724959;us-east-1;2025-07-12 04:34:04.543013;your-systems-3;Implement security configurations for all hardware and software assets.;your systems;;;aws;;FAIL;S3 Bucket www.deepdefence.co has versioning disabled.;arn:aws:s3:::www.deepdefence.co;s3_bucket_object_versioning;False;www.deepdefence.co
aws;Cybersecurity & Infrastructure Security Agency's (CISA) Cyber Essentials is a guide for leaders of small businesses as well as leaders of small and local government agencies to develop an actionable understanding of where to start implementing organizational cybersecurity practices.;980921724959;us-east-1;2025-07-12 04:34:04.543013;your-data-4;Establish regular automated backups and redundancies of key systems.;your data;;;aws;;FAIL;S3 Bucket www.deepdefence.co has versioning disabled.;arn:aws:s3:::www.deepdefence.co;s3_bucket_object_versioning;False;www.deepdefence.co
aws;Cybersecurity & Infrastructure Security Agency's (CISA) Cyber Essentials is a guide for leaders of small businesses as well as leaders of small and local government agencies to develop an actionable understanding of where to start implementing organizational cybersecurity practices.;980921724959;us-east-1;2025-07-12 04:34:04.543013;booting-up-thing-to-do-first-1;Lead development of an internal reporting structure to detect, communicate and contain attacks.;booting up thing to do first;;;aws;;FAIL;S3 Bucket www.deepdefence.co has versioning disabled.;arn:aws:s3:::www.deepdefence.co;s3_bucket_object_versioning;False;www.deepdefence.co
aws;Cybersecurity & Infrastructure Security Agency's (CISA) Cyber Essentials is a guide for leaders of small businesses as well as leaders of small and local government agencies to develop an actionable understanding of where to start implementing organizational cybersecurity practices.;980921724959;us-east-1;2025-07-12 04:34:04.543013;your-systems-3;Implement security configurations for all hardware and software assets.;your systems;;;aws;;PASS;S3 Bucket www.deepdefence.co does not allow public write access in the bucket policy.;arn:aws:s3:::www.deepdefence.co;s3_bucket_policy_public_write_access;False;www.deepdefence.co
aws;Cybersecurity & Infrastructure Security Agency's (CISA) Cyber Essentials is a guide for leaders of small businesses as well as leaders of small and local government agencies to develop an actionable understanding of where to start implementing organizational cybersecurity practices.;980921724959;us-east-1;2025-07-12 04:34:04.543013;your-data-2;Learn what is happening on your network, manage network and perimeter components, host and device components, data-at-rest and in-transit, and user behavior activities.;your data;;;aws;;PASS;S3 Bucket www.deepdefence.co does not allow public write access in the bucket policy.;arn:aws:s3:::www.deepdefence.co;s3_bucket_policy_public_write_access;False;www.deepdefence.co
aws;Cybersecurity & Infrastructure Security Agency's (CISA) Cyber Essentials is a guide for leaders of small businesses as well as leaders of small and local government agencies to develop an actionable understanding of where to start implementing organizational cybersecurity practices.;980921724959;us-east-1;2025-07-12 04:34:04.543013;your-systems-3;Implement security configurations for all hardware and software assets.;your systems;;;aws;;FAIL;S3 Bucket www.deepdefence.co has public access due to bucket policy.;arn:aws:s3:::www.deepdefence.co;s3_bucket_public_access;False;www.deepdefence.co
aws;Cybersecurity & Infrastructure Security Agency's (CISA) Cyber Essentials is a guide for leaders of small businesses as well as leaders of small and local government agencies to develop an actionable understanding of where to start implementing organizational cybersecurity practices.;980921724959;us-east-1;2025-07-12 04:34:04.543013;your-data-2;Learn what is happening on your network, manage network and perimeter components, host and device components, data-at-rest and in-transit, and user behavior activities.;your data;;;aws;;FAIL;S3 Bucket www.deepdefence.co has public access due to bucket policy.;arn:aws:s3:::www.deepdefence.co;s3_bucket_public_access;False;www.deepdefence.co
aws;Cybersecurity & Infrastructure Security Agency's (CISA) Cyber Essentials is a guide for leaders of small businesses as well as leaders of small and local government agencies to develop an actionable understanding of where to start implementing organizational cybersecurity practices.;980921724959;us-east-1;2025-07-12 04:34:04.543013;your-systems-3;Implement security configurations for all hardware and software assets.;your systems;;;aws;;FAIL;S3 Bucket www.deepdefence.co allows requests over insecure transport in the bucket policy.;arn:aws:s3:::www.deepdefence.co;s3_bucket_secure_transport_policy;False;www.deepdefence.co
aws;Cybersecurity & Infrastructure Security Agency's (CISA) Cyber Essentials is a guide for leaders of small businesses as well as leaders of small and local government agencies to develop an actionable understanding of where to start implementing organizational cybersecurity practices.;980921724959;us-east-1;2025-07-12 04:34:04.543013;your-data-2;Learn what is happening on your network, manage network and perimeter components, host and device components, data-at-rest and in-transit, and user behavior activities.;your data;;;aws;;FAIL;S3 Bucket www.deepdefence.co allows requests over insecure transport in the bucket policy.;arn:aws:s3:::www.deepdefence.co;s3_bucket_secure_transport_policy;False;www.deepdefence.co
aws;Cybersecurity & Infrastructure Security Agency's (CISA) Cyber Essentials is a guide for leaders of small businesses as well as leaders of small and local government agencies to develop an actionable understanding of where to start implementing organizational cybersecurity practices.;980921724959;us-east-1;2025-07-12 04:34:04.543013;your-systems-3;Implement security configurations for all hardware and software assets.;your systems;;;aws;;FAIL;S3 Bucket www.deepdefence.co has server access logging disabled.;arn:aws:s3:::www.deepdefence.co;s3_bucket_server_access_logging_enabled;False;www.deepdefence.co
aws;Cybersecurity & Infrastructure Security Agency's (CISA) Cyber Essentials is a guide for leaders of small businesses as well as leaders of small and local government agencies to develop an actionable understanding of where to start implementing organizational cybersecurity practices.;980921724959;us-east-1;2025-07-12 04:34:04.543013;your-data-2;Learn what is happening on your network, manage network and perimeter components, host and device components, data-at-rest and in-transit, and user behavior activities.;your data;;;aws;;FAIL;S3 Bucket www.deepdefence.co has server access logging disabled.;arn:aws:s3:::www.deepdefence.co;s3_bucket_server_access_logging_enabled;False;www.deepdefence.co
aws;Cybersecurity & Infrastructure Security Agency's (CISA) Cyber Essentials is a guide for leaders of small businesses as well as leaders of small and local government agencies to develop an actionable understanding of where to start implementing organizational cybersecurity practices.;980921724959;us-east-1;2025-07-12 04:34:04.543013;your-systems-3;Implement security configurations for all hardware and software assets.;your systems;;;aws;;FAIL;Security Hub is not enabled.;arn:aws:securityhub:us-east-1:980921724959:hub/unknown;securityhub_enabled;False;hub/unknown
aws;Cybersecurity & Infrastructure Security Agency's (CISA) Cyber Essentials is a guide for leaders of small businesses as well as leaders of small and local government agencies to develop an actionable understanding of where to start implementing organizational cybersecurity practices.;980921724959;us-east-1;2025-07-12 04:34:04.543013;your-crisis-response-2;Lead development of an internal reporting structure to detect, communicate and contain attacks.;your crisis response;;;aws;;FAIL;Security Hub is not enabled.;arn:aws:securityhub:us-east-1:980921724959:hub/unknown;securityhub_enabled;False;hub/unknown
aws;Cybersecurity & Infrastructure Security Agency's (CISA) Cyber Essentials is a guide for leaders of small businesses as well as leaders of small and local government agencies to develop an actionable understanding of where to start implementing organizational cybersecurity practices.;980921724959;us-east-1;2025-07-12 04:34:04.543013;your-systems-3;Implement security configurations for all hardware and software assets.;your systems;;;aws;;FAIL;SNS topic Default_CloudWatch_Alarms_Topic is not encrypted.;arn:aws:sns:us-east-1:980921724959:Default_CloudWatch_Alarms_Topic;sns_topics_kms_encryption_at_rest_enabled;False;Default_CloudWatch_Alarms_Topic
aws;Cybersecurity & Infrastructure Security Agency's (CISA) Cyber Essentials is a guide for leaders of small businesses as well as leaders of small and local government agencies to develop an actionable understanding of where to start implementing organizational cybersecurity practices.;980921724959;us-east-1;2025-07-12 04:34:04.543013;your-data-1;Learn how your data is protected.;your data;;;aws;;FAIL;SNS topic Default_CloudWatch_Alarms_Topic is not encrypted.;arn:aws:sns:us-east-1:980921724959:Default_CloudWatch_Alarms_Topic;sns_topics_kms_encryption_at_rest_enabled;False;Default_CloudWatch_Alarms_Topic
aws;Cybersecurity & Infrastructure Security Agency's (CISA) Cyber Essentials is a guide for leaders of small businesses as well as leaders of small and local government agencies to develop an actionable understanding of where to start implementing organizational cybersecurity practices.;980921724959;us-east-1;2025-07-12 04:34:04.543013;your-data-2;Learn what is happening on your network, manage network and perimeter components, host and device components, data-at-rest and in-transit, and user behavior activities.;your data;;;aws;;FAIL;SNS topic Default_CloudWatch_Alarms_Topic is not encrypted.;arn:aws:sns:us-east-1:980921724959:Default_CloudWatch_Alarms_Topic;sns_topics_kms_encryption_at_rest_enabled;False;Default_CloudWatch_Alarms_Topic
aws;Cybersecurity & Infrastructure Security Agency's (CISA) Cyber Essentials is a guide for leaders of small businesses as well as leaders of small and local government agencies to develop an actionable understanding of where to start implementing organizational cybersecurity practices.;;;2025-07-12 04:34:04.543013;your-data-5;Leverage protections for backups, including physical security, encryption and offline copies.;your data;;;aws;;MANUAL;Manual check;manual_check;manual;False;Manual check
