PROVIDER;DESCRIPTION;ACCOUNTID;REGION;ASSESSMENTDATE;REQUIREMENTS_ID;REQUIREMENTS_DESCRIPTION;REQUIREMENTS_ATTRIBUTES_SECTION;REQUIREMENTS_ATTRIBUTES_SUBSECTION;REQUIREMENTS_ATTRIBUTES_SUBGROUP;REQUIREMENTS_ATTRIBUTES_SERVICE;REQUIREMENTS_ATTRIBUTES_TYPE;STATUS;STATUSEXTENDED;RESOURCEID;CHECKID;MUTED;RESOURCENAME
aws;Checklist when onboarding new AWS Accounts to existing AWS Organization.;980921724959;us-east-1;2025-07-12 04:34:04.543013;Enabled security services;Check if security services are enabled;Deploy account from predefined IaC template;;;SecurityServices;Automated;FAIL;IAM Access Analyzer in account 980921724959 is not enabled.;arn:aws:accessanalyzer:us-east-1:980921724959:analyzer/unknown;accessanalyzer_enabled;False;analyzer/unknown
aws;Checklist when onboarding new AWS Accounts to existing AWS Organization.;980921724959;us-east-1;2025-07-12 04:34:04.543013;Create analyzers in each active regions;Establish analyzers within every active region.;IAM Access Analyzer;;;IAM Access Analyzer;Automated;FAIL;IAM Access Analyzer in account 980921724959 is not enabled.;arn:aws:accessanalyzer:us-east-1:980921724959:analyzer/unknown;accessanalyzer_enabled;False;analyzer/unknown
aws;Checklist when onboarding new AWS Accounts to existing AWS Organization.;980921724959;us-east-1;2025-07-12 04:34:04.543013;Verify that events are present in SecurityHub aggregated view;Confirm the presence of events within the aggregated view of SecurityHub.;IAM Access Analyzer;;;SecurityHub;Automated;FAIL;IAM Access Analyzer in account 980921724959 is not enabled.;arn:aws:accessanalyzer:us-east-1:980921724959:analyzer/unknown;accessanalyzer_enabled;False;analyzer/unknown
aws;Checklist when onboarding new AWS Accounts to existing AWS Organization.;980921724959;us-east-1;2025-07-12 04:34:04.543013;Billing, emergency, security contacts;Check if billing, emergency, security contacts are configured;Deploy account from predefined IaC template;;;Billing;Automated;MANUAL;Login to the AWS Console. Choose your account name on the top right of the window -> My Account -> Contact Information.;arn:aws:iam::980921724959:root;account_maintain_current_contact_details;False;980921724959
aws;Checklist when onboarding new AWS Accounts to existing AWS Organization.;980921724959;us-east-1;2025-07-12 04:34:04.543013;Billing, emergency, security contacts;Check if billing, emergency, security contacts are configured;Deploy account from predefined IaC template;;;Billing;Automated;MANUAL;Login to the AWS Console. Choose your account name on the top right of the window -> My Account -> Alternate Contacts -> Security Section.;arn:aws:iam::980921724959:root;account_security_contact_information_is_registered;False;980921724959
aws;Checklist when onboarding new AWS Accounts to existing AWS Organization.;980921724959;us-east-1;2025-07-12 04:34:04.543013;CFD + ALB + secret rotation architecture;Designing an Architecture for Computational Fluid Dynamics (CFD), Application Load Balancing (ALB), and Secret Rotation Integration;WAFv2;Deploy WAF setup for each public web service;;WAFv2;Must;FAIL;CloudFront Distribution E2GS15K8A0FPP2 is not using AWS WAF web ACL.;arn:aws:cloudfront::980921724959:distribution/E2GS15K8A0FPP2;cloudfront_distributions_using_waf;False;E2GS15K8A0FPP2
aws;Checklist when onboarding new AWS Accounts to existing AWS Organization.;980921724959;us-east-1;2025-07-12 04:34:04.543013;Predefined set of managed rules;A pre-established collection of rules under management control.;WAFv2;Deploy WAF setup for each public web service;;WAFv2;Must;FAIL;CloudFront Distribution E2GS15K8A0FPP2 is not using AWS WAF web ACL.;arn:aws:cloudfront::980921724959:distribution/E2GS15K8A0FPP2;cloudfront_distributions_using_waf;False;E2GS15K8A0FPP2
aws;Checklist when onboarding new AWS Accounts to existing AWS Organization.;980921724959;us-east-1;2025-07-12 04:34:04.543013;Global allow - and block-lists;Establishing International Lists for Permissions and Restrictions;WAFv2;Deploy WAF setup for each public web service;;WAFv2;Must;FAIL;CloudFront Distribution E2GS15K8A0FPP2 is not using AWS WAF web ACL.;arn:aws:cloudfront::980921724959:distribution/E2GS15K8A0FPP2;cloudfront_distributions_using_waf;False;E2GS15K8A0FPP2
aws;Checklist when onboarding new AWS Accounts to existing AWS Organization.;980921724959;us-east-1;2025-07-12 04:34:04.543013;Service-unique exclusion rules;Exclusion rules specific to the service provided.;WAFv2;Deploy WAF setup for each public web service;;WAFv2;Must;FAIL;CloudFront Distribution E2GS15K8A0FPP2 is not using AWS WAF web ACL.;arn:aws:cloudfront::980921724959:distribution/E2GS15K8A0FPP2;cloudfront_distributions_using_waf;False;E2GS15K8A0FPP2
aws;Checklist when onboarding new AWS Accounts to existing AWS Organization.;980921724959;us-east-1;2025-07-12 04:34:04.543013;Scoped-down rate-based rules;Rate-based rules with a narrowed scope;WAFv2;Deploy WAF setup for each public web service;;WAFv2;Discuss;FAIL;CloudFront Distribution E2GS15K8A0FPP2 is not using AWS WAF web ACL.;arn:aws:cloudfront::980921724959:distribution/E2GS15K8A0FPP2;cloudfront_distributions_using_waf;False;E2GS15K8A0FPP2
aws;Checklist when onboarding new AWS Accounts to existing AWS Organization.;980921724959;us-east-1;2025-07-12 04:34:04.543013;CFD + ALB + secret rotation architecture;Designing an Architecture for Computational Fluid Dynamics (CFD), Application Load Balancing (ALB), and Secret Rotation Integration;WAFv2;Deploy WAF setup for each public web service;;WAFv2;Must;FAIL;CloudFront Distribution E2VHF0BL9R26LI is not using AWS WAF web ACL.;arn:aws:cloudfront::980921724959:distribution/E2VHF0BL9R26LI;cloudfront_distributions_using_waf;False;E2VHF0BL9R26LI
aws;Checklist when onboarding new AWS Accounts to existing AWS Organization.;980921724959;us-east-1;2025-07-12 04:34:04.543013;Predefined set of managed rules;A pre-established collection of rules under management control.;WAFv2;Deploy WAF setup for each public web service;;WAFv2;Must;FAIL;CloudFront Distribution E2VHF0BL9R26LI is not using AWS WAF web ACL.;arn:aws:cloudfront::980921724959:distribution/E2VHF0BL9R26LI;cloudfront_distributions_using_waf;False;E2VHF0BL9R26LI
aws;Checklist when onboarding new AWS Accounts to existing AWS Organization.;980921724959;us-east-1;2025-07-12 04:34:04.543013;Global allow - and block-lists;Establishing International Lists for Permissions and Restrictions;WAFv2;Deploy WAF setup for each public web service;;WAFv2;Must;FAIL;CloudFront Distribution E2VHF0BL9R26LI is not using AWS WAF web ACL.;arn:aws:cloudfront::980921724959:distribution/E2VHF0BL9R26LI;cloudfront_distributions_using_waf;False;E2VHF0BL9R26LI
aws;Checklist when onboarding new AWS Accounts to existing AWS Organization.;980921724959;us-east-1;2025-07-12 04:34:04.543013;Service-unique exclusion rules;Exclusion rules specific to the service provided.;WAFv2;Deploy WAF setup for each public web service;;WAFv2;Must;FAIL;CloudFront Distribution E2VHF0BL9R26LI is not using AWS WAF web ACL.;arn:aws:cloudfront::980921724959:distribution/E2VHF0BL9R26LI;cloudfront_distributions_using_waf;False;E2VHF0BL9R26LI
aws;Checklist when onboarding new AWS Accounts to existing AWS Organization.;980921724959;us-east-1;2025-07-12 04:34:04.543013;Scoped-down rate-based rules;Rate-based rules with a narrowed scope;WAFv2;Deploy WAF setup for each public web service;;WAFv2;Discuss;FAIL;CloudFront Distribution E2VHF0BL9R26LI is not using AWS WAF web ACL.;arn:aws:cloudfront::980921724959:distribution/E2VHF0BL9R26LI;cloudfront_distributions_using_waf;False;E2VHF0BL9R26LI
aws;Checklist when onboarding new AWS Accounts to existing AWS Organization.;980921724959;us-east-1;2025-07-12 04:34:04.543013;CFD + ALB + secret rotation architecture;Designing an Architecture for Computational Fluid Dynamics (CFD), Application Load Balancing (ALB), and Secret Rotation Integration;WAFv2;Deploy WAF setup for each public web service;;WAFv2;Must;FAIL;CloudFront Distribution EFQ7G3AZSAW4D is not using AWS WAF web ACL.;arn:aws:cloudfront::980921724959:distribution/EFQ7G3AZSAW4D;cloudfront_distributions_using_waf;False;EFQ7G3AZSAW4D
aws;Checklist when onboarding new AWS Accounts to existing AWS Organization.;980921724959;us-east-1;2025-07-12 04:34:04.543013;Predefined set of managed rules;A pre-established collection of rules under management control.;WAFv2;Deploy WAF setup for each public web service;;WAFv2;Must;FAIL;CloudFront Distribution EFQ7G3AZSAW4D is not using AWS WAF web ACL.;arn:aws:cloudfront::980921724959:distribution/EFQ7G3AZSAW4D;cloudfront_distributions_using_waf;False;EFQ7G3AZSAW4D
aws;Checklist when onboarding new AWS Accounts to existing AWS Organization.;980921724959;us-east-1;2025-07-12 04:34:04.543013;Global allow - and block-lists;Establishing International Lists for Permissions and Restrictions;WAFv2;Deploy WAF setup for each public web service;;WAFv2;Must;FAIL;CloudFront Distribution EFQ7G3AZSAW4D is not using AWS WAF web ACL.;arn:aws:cloudfront::980921724959:distribution/EFQ7G3AZSAW4D;cloudfront_distributions_using_waf;False;EFQ7G3AZSAW4D
aws;Checklist when onboarding new AWS Accounts to existing AWS Organization.;980921724959;us-east-1;2025-07-12 04:34:04.543013;Service-unique exclusion rules;Exclusion rules specific to the service provided.;WAFv2;Deploy WAF setup for each public web service;;WAFv2;Must;FAIL;CloudFront Distribution EFQ7G3AZSAW4D is not using AWS WAF web ACL.;arn:aws:cloudfront::980921724959:distribution/EFQ7G3AZSAW4D;cloudfront_distributions_using_waf;False;EFQ7G3AZSAW4D
aws;Checklist when onboarding new AWS Accounts to existing AWS Organization.;980921724959;us-east-1;2025-07-12 04:34:04.543013;Scoped-down rate-based rules;Rate-based rules with a narrowed scope;WAFv2;Deploy WAF setup for each public web service;;WAFv2;Discuss;FAIL;CloudFront Distribution EFQ7G3AZSAW4D is not using AWS WAF web ACL.;arn:aws:cloudfront::980921724959:distribution/EFQ7G3AZSAW4D;cloudfront_distributions_using_waf;False;EFQ7G3AZSAW4D
aws;Checklist when onboarding new AWS Accounts to existing AWS Organization.;980921724959;us-east-1;2025-07-12 04:34:04.543013;Enable as part of Organization trail;Activate as a component of the Organization trail.;AWS Cloudtrail;;;CloudTrail;Automated;FAIL;No CloudTrail trails enabled with logging were found.;arn:aws:cloudtrail:us-east-1:980921724959:trail;cloudtrail_multi_region_enabled;False;980921724959
aws;Checklist when onboarding new AWS Accounts to existing AWS Organization.;980921724959;us-east-1;2025-07-12 04:34:04.543013;Enable as part of Organization trail;Activate as a component of the Organization trail.;AWS Cloudtrail;;;CloudTrail;Automated;FAIL;No CloudTrail trails enabled and logging management events were found.;arn:aws:cloudtrail:us-east-1:980921724959:trail;cloudtrail_multi_region_enabled_logging_management_events;False;980921724959
aws;Checklist when onboarding new AWS Accounts to existing AWS Organization.;980921724959;us-east-1;2025-07-12 04:34:04.543013;Confirm that logs are present in S3 bucket and SIEM;Verify the existence of logs within both the S3 bucket and the SIEM system.;AWS Cloudtrail;;;CloudTrail;Automated;FAIL;No CloudTrail trails have a data event to record all S3 object-level API operations.;arn:aws:cloudtrail:us-east-1:980921724959:trail;cloudtrail_s3_dataevents_read_enabled;False;980921724959
aws;Checklist when onboarding new AWS Accounts to existing AWS Organization.;980921724959;us-east-1;2025-07-12 04:34:04.543013;Send S3 access logs for critical buckets to separate S3 bucket;Send S3 access logs for critical buckets to separate S3 bucket;Logging;;;Logging;Automated;FAIL;No CloudTrail trails have a data event to record all S3 object-level API operations.;arn:aws:cloudtrail:us-east-1:980921724959:trail;cloudtrail_s3_dataevents_write_enabled;False;980921724959
aws;Checklist when onboarding new AWS Accounts to existing AWS Organization.;980921724959;us-east-1;2025-07-12 04:34:04.543013;Confirm that logs are present in S3 bucket and SIEM;Verify the existence of logs within both the S3 bucket and the SIEM system.;AWS Cloudtrail;;;CloudTrail;Automated;FAIL;No CloudTrail trails have a data event to record all S3 object-level API operations.;arn:aws:cloudtrail:us-east-1:980921724959:trail;cloudtrail_s3_dataevents_write_enabled;False;980921724959
aws;Checklist when onboarding new AWS Accounts to existing AWS Organization.;980921724959;us-east-1;2025-07-12 04:34:04.543013;Critical alert on cloudtrail settings changes;Send critical alert on cloudtrail settings changes;Alerting;CloudTrail;;CloudTrail;Automated;FAIL;No CloudWatch log groups found with metric filters or alarms associated.;arn:aws:logs:us-east-1:980921724959:log-group;cloudwatch_log_metric_filter_and_alarm_for_cloudtrail_configuration_changes_enabled;False;980921724959
aws;Checklist when onboarding new AWS Accounts to existing AWS Organization.;980921724959;us-east-1;2025-07-12 04:34:04.543013;Alert on rise of ConsoleLoginFailures events;Alert on rise ConsoleLoginFailures events;Alerting;CloudTrail;;CloudTrail;Automated;FAIL;No CloudWatch log groups found with metric filters or alarms associated.;arn:aws:logs:us-east-1:980921724959:log-group;cloudwatch_log_metric_filter_authentication_failures;False;980921724959
aws;Checklist when onboarding new AWS Accounts to existing AWS Organization.;980921724959;us-east-1;2025-07-12 04:34:04.543013;Critical alert on every root user activity;Send critical alert on every root user activity;Alerting;CloudTrail;;CloudTrail;Automated;FAIL;No CloudWatch log groups found with metric filters or alarms associated.;arn:aws:logs:us-east-1:980921724959:log-group;cloudwatch_log_metric_filter_root_usage;False;980921724959
aws;Checklist when onboarding new AWS Accounts to existing AWS Organization.;980921724959;us-east-1;2025-07-12 04:34:04.543013;Enable continuous recording for most of the resources;Activate continuous recording for the majority of resources.;Enable AWS Config;;;Config;Automated;FAIL;AWS Config recorder 980921724959 is disabled.;arn:aws:config:us-east-1:980921724959:recorder;config_recorder_all_regions_enabled;False;980921724959
aws;Checklist when onboarding new AWS Accounts to existing AWS Organization.;980921724959;us-east-1;2025-07-12 04:34:04.543013;Confirm that records are present in central aggregator;Confirm that records are present in central aggregator;Enable AWS Config;;;Config;Automated;FAIL;AWS Config recorder 980921724959 is disabled.;arn:aws:config:us-east-1:980921724959:recorder;config_recorder_all_regions_enabled;False;980921724959
aws;Checklist when onboarding new AWS Accounts to existing AWS Organization.;980921724959;us-east-1;2025-07-12 04:34:04.543013;Disable AMI public sharing;Disable AMI public sharing;Deploy account from predefined IaC template;;;EC2;Automated;PASS;EC2 AMI ramana_tech image is not public.;arn:aws:ec2:us-east-1:980921724959:image/ami-0f94037d2a4f14b93;ec2_ami_public;False;ami-0f94037d2a4f14b93
aws;Checklist when onboarding new AWS Accounts to existing AWS Organization.;980921724959;us-east-1;2025-07-12 04:34:04.543013;Enabled security services;Check if security services are enabled;Deploy account from predefined IaC template;;;SecurityServices;Automated;FAIL;GuardDuty is not enabled.;arn:aws:guardduty:us-east-1:980921724959:detector/unknown;guardduty_is_enabled;False;detector/unknown
aws;Checklist when onboarding new AWS Accounts to existing AWS Organization.;980921724959;us-east-1;2025-07-12 04:34:04.543013;Alert on each High finding;Checks that GuardDuty is enabled and configured to send High findings to CloudWatch Events;Alerting;GuardDuty;;GuardDuty;Automated;FAIL;GuardDuty is not enabled.;arn:aws:guardduty:us-east-1:980921724959:detector/unknown;guardduty_is_enabled;False;detector/unknown
aws;Checklist when onboarding new AWS Accounts to existing AWS Organization.;980921724959;us-east-1;2025-07-12 04:34:04.543013;Enable as part of central configuration for Organization;Please verify the existence of records within the central aggregator.;Enable GuardDuty;;;GuardDuty;Must;FAIL;GuardDuty is not enabled.;arn:aws:guardduty:us-east-1:980921724959:detector/unknown;guardduty_is_enabled;False;detector/unknown
aws;Checklist when onboarding new AWS Accounts to existing AWS Organization.;980921724959;us-east-1;2025-07-12 04:34:04.543013;Threat Detection;Detection of Threats in your AWS environment;Enable GuardDuty;;;GuardDuty;Must;FAIL;GuardDuty is not enabled.;arn:aws:guardduty:us-east-1:980921724959:detector/unknown;guardduty_is_enabled;False;detector/unknown
aws;Checklist when onboarding new AWS Accounts to existing AWS Organization.;980921724959;us-east-1;2025-07-12 04:34:04.543013;RDS protection;Protection for RDS instances;Enable GuardDuty;;;GuardDuty;Must;FAIL;GuardDuty is not enabled.;arn:aws:guardduty:us-east-1:980921724959:detector/unknown;guardduty_is_enabled;False;detector/unknown
aws;Checklist when onboarding new AWS Accounts to existing AWS Organization.;980921724959;us-east-1;2025-07-12 04:34:04.543013;Lambda protection;Protection using Lambda;Enable GuardDuty;;;Lambda;Must;FAIL;GuardDuty is not enabled.;arn:aws:guardduty:us-east-1:980921724959:detector/unknown;guardduty_is_enabled;False;detector/unknown
aws;Checklist when onboarding new AWS Accounts to existing AWS Organization.;980921724959;us-east-1;2025-07-12 04:34:04.543013;S3 protection;Protection using S3;Enable GuardDuty;;;S3;Must;FAIL;GuardDuty is not enabled.;arn:aws:guardduty:us-east-1:980921724959:detector/unknown;guardduty_is_enabled;False;detector/unknown
aws;Checklist when onboarding new AWS Accounts to existing AWS Organization.;980921724959;us-east-1;2025-07-12 04:34:04.543013;Malware Scanning;Conducting a Comprehensive Scan for Malicious Software;Enable GuardDuty;;;GuardDuty;Must;FAIL;GuardDuty is not enabled.;arn:aws:guardduty:us-east-1:980921724959:detector/unknown;guardduty_is_enabled;False;detector/unknown
aws;Checklist when onboarding new AWS Accounts to existing AWS Organization.;980921724959;us-east-1;2025-07-12 04:34:04.543013;Confirm that events are present in SIEM;Confirm that events are present in SIEM;Enable GuardDuty;;;GuardDuty;Must;FAIL;GuardDuty is not enabled.;arn:aws:guardduty:us-east-1:980921724959:detector/unknown;guardduty_is_enabled;False;detector/unknown
aws;Checklist when onboarding new AWS Accounts to existing AWS Organization.;980921724959;us-east-1;2025-07-12 04:34:04.543013;Apply suppression filters to disable useless findings;Implementing suppression filters to deactivate non-essential detections.;Enable GuardDuty;;;GuardDuty;Must;FAIL;GuardDuty is not enabled.;arn:aws:guardduty:us-east-1:980921724959:detector/unknown;guardduty_is_enabled;False;detector/unknown
aws;Checklist when onboarding new AWS Accounts to existing AWS Organization.;980921724959;us-east-1;2025-07-12 04:34:04.543013;Include in process of incident response based on events;Incorporate within the procedural framework of incident response, taking into account the triggering events.;Enable GuardDuty;;;GuardDuty;Must;FAIL;GuardDuty is not enabled.;arn:aws:guardduty:us-east-1:980921724959:detector/unknown;guardduty_is_enabled;False;detector/unknown
aws;Checklist when onboarding new AWS Accounts to existing AWS Organization.;980921724959;us-east-1;2025-07-12 04:34:04.543013;Runtime protection;Brand new and in need of thorough testing.;Enable GuardDuty;;;GuardDuty;Optional;FAIL;GuardDuty is not enabled.;arn:aws:guardduty:us-east-1:980921724959:detector/unknown;guardduty_is_enabled;False;detector/unknown
aws;Checklist when onboarding new AWS Accounts to existing AWS Organization.;980921724959;us-east-1;2025-07-12 04:34:04.543013;Block root user;Block root user;SCPs;Apply existing SCPs based on OU placement;;IAM;Automated;FAIL;Root user in the account was last accessed 0 days ago.;arn:aws:iam::980921724959:root;iam_avoid_root_usage;False;<root_account>
aws;Checklist when onboarding new AWS Accounts to existing AWS Organization.;980921724959;us-east-1;2025-07-12 04:34:04.543013;Predefine IAM Roles;Check if exists predefine IAM Roles;Deploy account from predefined IaC template;;;IAM;Automated;PASS;Custom Policy AWSLambdaBasicExecutionRole-8148220f-b4ab-4a53-b85a-eac887f8b176 does not allow permissive STS Role assumption.;arn:aws:iam::980921724959:policy/service-role/AWSLambdaBasicExecutionRole-8148220f-b4ab-4a53-b85a-eac887f8b176;iam_no_custom_policy_permissive_role_assumption;False;AWSLambdaBasicExecutionRole-8148220f-b4ab-4a53-b85a-eac887f8b176
aws;Checklist when onboarding new AWS Accounts to existing AWS Organization.;980921724959;us-east-1;2025-07-12 04:34:04.543013;Predefine IAM Roles;Check if exists predefine IAM Roles;Deploy account from predefined IaC template;;;IAM;Automated;PASS;Custom Policy dd_s3_upload does not allow permissive STS Role assumption.;arn:aws:iam::980921724959:policy/dd_s3_upload;iam_no_custom_policy_permissive_role_assumption;False;dd_s3_upload
aws;Checklist when onboarding new AWS Accounts to existing AWS Organization.;980921724959;us-east-1;2025-07-12 04:34:04.543013;Predefine IAM Roles;Check if exists predefine IAM Roles;Deploy account from predefined IaC template;;;IAM;Automated;PASS;Custom Policy AWSLambdaBasicExecutionRole-acb5bea7-9694-447c-85e4-148d9f80261e does not allow permissive STS Role assumption.;arn:aws:iam::980921724959:policy/service-role/AWSLambdaBasicExecutionRole-acb5bea7-9694-447c-85e4-148d9f80261e;iam_no_custom_policy_permissive_role_assumption;False;AWSLambdaBasicExecutionRole-acb5bea7-9694-447c-85e4-148d9f80261e
aws;Checklist when onboarding new AWS Accounts to existing AWS Organization.;980921724959;us-east-1;2025-07-12 04:34:04.543013;Block root user;Block root user;SCPs;Apply existing SCPs based on OU placement;;IAM;Automated;PASS;Root account does not have access keys.;arn:aws:iam::980921724959:root;iam_no_root_access_key;False;<root_account>
aws;Checklist when onboarding new AWS Accounts to existing AWS Organization.;980921724959;us-east-1;2025-07-12 04:34:04.543013;Predefine IAM Roles;Check if exists predefine IAM Roles;Deploy account from predefined IaC template;;;IAM;Automated;FAIL;User dd_s3_user has the policy dd_s3_upload attached.;arn:aws:iam::980921724959:user/dd_s3_user;iam_policy_attached_only_to_group_or_roles;False;dd_s3_user/dd_s3_upload
aws;Checklist when onboarding new AWS Accounts to existing AWS Organization.;980921724959;us-east-1;2025-07-12 04:34:04.543013;Predefine IAM Roles;Check if exists predefine IAM Roles;Deploy account from predefined IaC template;;;IAM;Automated;FAIL;User ramanatech_user1 has the policy AdministratorAccess attached.;arn:aws:iam::980921724959:user/ramanatech_user1;iam_policy_attached_only_to_group_or_roles;False;ramanatech_user1/AdministratorAccess
aws;Checklist when onboarding new AWS Accounts to existing AWS Organization.;980921724959;us-east-1;2025-07-12 04:34:04.543013;Predefine IAM Roles;Check if exists predefine IAM Roles;Deploy account from predefined IaC template;;;IAM;Automated;FAIL;User ramanatech_user2 has the policy AdministratorAccess attached.;arn:aws:iam::980921724959:user/ramanatech_user2;iam_policy_attached_only_to_group_or_roles;False;ramanatech_user2/AdministratorAccess
aws;Checklist when onboarding new AWS Accounts to existing AWS Organization.;980921724959;us-east-1;2025-07-12 04:34:04.543013;Predefine IAM Roles;Check if exists predefine IAM Roles;Deploy account from predefined IaC template;;;IAM;Automated;FAIL;IAM Service Role contactSubmit-role-hxof6q9j does not prevent against a cross-service confused deputy attack.;arn:aws:iam::980921724959:role/service-role/contactSubmit-role-hxof6q9j;iam_role_cross_service_confused_deputy_prevention;False;contactSubmit-role-hxof6q9j
aws;Checklist when onboarding new AWS Accounts to existing AWS Organization.;980921724959;us-east-1;2025-07-12 04:34:04.543013;Predefine IAM Roles;Check if exists predefine IAM Roles;Deploy account from predefined IaC template;;;IAM;Automated;FAIL;IAM Service Role getExpirationDate-role-95qnswls does not prevent against a cross-service confused deputy attack.;arn:aws:iam::980921724959:role/service-role/getExpirationDate-role-95qnswls;iam_role_cross_service_confused_deputy_prevention;False;getExpirationDate-role-95qnswls
aws;Checklist when onboarding new AWS Accounts to existing AWS Organization.;980921724959;us-east-1;2025-07-12 04:34:04.543013;Root user - distribution email + MFA;Check if root user has distribution email and MFA enabled;Deploy account from predefined IaC template;;;IAM;Automated;FAIL;Root account has a virtual MFA instead of a hardware MFA device enabled.;arn:aws:iam:us-east-1:980921724959:mfa;iam_root_hardware_mfa_enabled;False;<root_account>
aws;Checklist when onboarding new AWS Accounts to existing AWS Organization.;980921724959;us-east-1;2025-07-12 04:34:04.543013;Root user - distribution email + MFA;Check if root user has distribution email and MFA enabled;Deploy account from predefined IaC template;;;IAM;Automated;PASS;MFA is enabled for root account.;arn:aws:iam::980921724959:root;iam_root_mfa_enabled;False;<root_account>
aws;Checklist when onboarding new AWS Accounts to existing AWS Organization.;980921724959;us-east-1;2025-07-12 04:34:04.543013;Predefine IAM Roles;Check if exists predefine IAM Roles;Deploy account from predefined IaC template;;;IAM;Automated;FAIL;AWS Support Access policy is not attached to any role.;arn:aws:iam::aws:policy/AWSSupportAccess;iam_support_role_created;False;980921724959
aws;Checklist when onboarding new AWS Accounts to existing AWS Organization.;980921724959;us-east-1;2025-07-12 04:34:04.543013;Enable and configure AWS Inspector;Enable and set up AWS Inspector.;Vulnerability Scanning;EC2 used as servers;;EC2;Automated;FAIL;Inspector2 is not enabled in this account.;arn:aws:inspector2:us-east-1:980921724959:inspector2;inspector2_is_enabled;False;Inspector2
aws;Checklist when onboarding new AWS Accounts to existing AWS Organization.;980921724959;us-east-1;2025-07-12 04:34:04.543013;Scan images for vulnerability on upload to ECR;Check uploaded images for vulnerabilities when adding them to the ECR (Elastic Container Registry).;Vulnerability Scanning;ECR used as docker images hub;;ECR;Automated;FAIL;Inspector2 is not enabled in this account.;arn:aws:inspector2:us-east-1:980921724959:inspector2;inspector2_is_enabled;False;Inspector2
aws;Checklist when onboarding new AWS Accounts to existing AWS Organization.;980921724959;us-east-1;2025-07-12 04:34:04.543013;Enabled security services;Check if security services are enabled;Deploy account from predefined IaC template;;;SecurityServices;Automated;FAIL;Macie is not enabled.;arn:aws:macie:us-east-1:980921724959:session;macie_is_enabled;False;980921724959
aws;Checklist when onboarding new AWS Accounts to existing AWS Organization.;980921724959;us-east-1;2025-07-12 04:34:04.543013;Consider enabling for critical buckets only;Please contemplate activating this feature exclusively for essential or crucial buckets.;Macie;;;Macie;Automated;FAIL;Macie is not enabled.;arn:aws:macie:us-east-1:980921724959:session;macie_is_enabled;False;980921724959
aws;Checklist when onboarding new AWS Accounts to existing AWS Organization.;980921724959;us-east-1;2025-07-12 04:34:04.543013;Block unused regions;Block unsued regions;SCPs;Apply existing SCPs based on OU placement;;IAM;Automated;FAIL;AWS Organizations is not in-use for this AWS Account.;arn:aws:organizations::980921724959:unknown;organizations_scp_check_deny_regions;False;unknown
aws;Checklist when onboarding new AWS Accounts to existing AWS Organization.;980921724959;us-east-1;2025-07-12 04:34:04.543013;S3 Block Public Access;Block public access to S3 buckets;Deploy account from predefined IaC template;;;S3;Automated;FAIL;Block Public Access is not configured for the account 980921724959.;arn:aws:s3:us-east-1:980921724959:account;s3_account_level_public_access_blocks;False;980921724959
aws;Checklist when onboarding new AWS Accounts to existing AWS Organization.;980921724959;us-east-1;2025-07-12 04:34:04.543013;S3 Block Public Access;Block public access to S3 buckets;Deploy account from predefined IaC template;;;S3;Automated;FAIL;Block Public Access is not configured for the S3 Bucket www.deepdefence.co.;arn:aws:s3:::www.deepdefence.co;s3_bucket_level_public_access_block;False;www.deepdefence.co
aws;Checklist when onboarding new AWS Accounts to existing AWS Organization.;980921724959;us-east-1;2025-07-12 04:34:04.543013;S3 Block Public Access;Block public access to S3 buckets;Deploy account from predefined IaC template;;;S3;Automated;FAIL;S3 Bucket www.deepdefence.co has public access due to bucket policy.;arn:aws:s3:::www.deepdefence.co;s3_bucket_public_access;False;www.deepdefence.co
aws;Checklist when onboarding new AWS Accounts to existing AWS Organization.;980921724959;us-east-1;2025-07-12 04:34:04.543013;Enabled security services;Check if security services are enabled;Deploy account from predefined IaC template;;;SecurityServices;Automated;FAIL;Security Hub is not enabled.;arn:aws:securityhub:us-east-1:980921724959:hub/unknown;securityhub_enabled;False;hub/unknown
aws;Checklist when onboarding new AWS Accounts to existing AWS Organization.;980921724959;us-east-1;2025-07-12 04:34:04.543013;Verify that events are present in SecurityHub aggregated view;Confirm the presence of events within the aggregated view of SecurityHub.;IAM Access Analyzer;;;SecurityHub;Automated;FAIL;Security Hub is not enabled.;arn:aws:securityhub:us-east-1:980921724959:hub/unknown;securityhub_enabled;False;hub/unknown
aws;Checklist when onboarding new AWS Accounts to existing AWS Organization.;980921724959;us-east-1;2025-07-12 04:34:04.543013;Deploy solution to alert on at least critical new findings;Implement a solution to trigger alerts for newly identified critical issues at minimum.;Enable AWS SecurityHub;;;SecurityHub;Automated;FAIL;Security Hub is not enabled.;arn:aws:securityhub:us-east-1:980921724959:hub/unknown;securityhub_enabled;False;hub/unknown
aws;Checklist when onboarding new AWS Accounts to existing AWS Organization.;980921724959;us-east-1;2025-07-12 04:34:04.543013;Apply SecurityHub Central Configuration for Organization;Apply SecurityHub Central Configuration for Organization;Enable AWS SecurityHub;;;SecurityHub;Automated;FAIL;Security Hub is not enabled.;arn:aws:securityhub:us-east-1:980921724959:hub/unknown;securityhub_enabled;False;hub/unknown
aws;Checklist when onboarding new AWS Accounts to existing AWS Organization.;980921724959;us-east-1;2025-07-12 04:34:04.543013;Enable/disable additional standards and controls;Implement SecurityHub Central Configuration across the organization.;Enable AWS SecurityHub;;;SecurityHub;Automated;FAIL;Security Hub is not enabled.;arn:aws:securityhub:us-east-1:980921724959:hub/unknown;securityhub_enabled;False;hub/unknown
aws;Checklist when onboarding new AWS Accounts to existing AWS Organization.;980921724959;us-east-1;2025-07-12 04:34:04.543013;Confirm that findings are being visible in the aggregated view;Please verify that the findings are visible when viewed in the aggregated perspective.;Enable AWS SecurityHub;;;SecurityHub;Automated;FAIL;Security Hub is not enabled.;arn:aws:securityhub:us-east-1:980921724959:hub/unknown;securityhub_enabled;False;hub/unknown
aws;Checklist when onboarding new AWS Accounts to existing AWS Organization.;980921724959;us-east-1;2025-07-12 04:34:04.543013;Ensure that there are no critical (and considered critical) findings present in account;Make certain that there are no critical findings, whether deemed critical or not, within the account.;Enable AWS SecurityHub;;;SecurityHub;Automated;FAIL;Security Hub is not enabled.;arn:aws:securityhub:us-east-1:980921724959:hub/unknown;securityhub_enabled;False;hub/unknown
aws;Checklist when onboarding new AWS Accounts to existing AWS Organization.;;;2025-07-12 04:34:04.543013;IDC integration, SSO configuration;Check if IDC integration and SSO configuration is enabled;Deploy account from predefined IaC template;;;IAM Identity Center;Manual;MANUAL;Manual check;manual_check;manual;False;Manual check
aws;Checklist when onboarding new AWS Accounts to existing AWS Organization.;;;2025-07-12 04:34:04.543013;Organization invitation;Check if organization invitation is enabled;Deploy account from predefined IaC template;;;Organizations;Manual;MANUAL;Manual check;manual_check;manual;False;Manual check
aws;Checklist when onboarding new AWS Accounts to existing AWS Organization.;;;2025-07-12 04:34:04.543013;Block tampering with security-related settings and services;Block tampering with security-related settings and services;SCPs;Apply existing SCPs based on OU placement;;IAM;Manual;MANUAL;Manual check;manual_check;manual;False;Manual check
aws;Checklist when onboarding new AWS Accounts to existing AWS Organization.;;;2025-07-12 04:34:04.543013;Restrict instances types;Restrict instances types;SCPs;Apply existing SCPs based on OU placement;;IAM;Manual;MANUAL;Manual check;manual_check;manual;False;Manual check
aws;Checklist when onboarding new AWS Accounts to existing AWS Organization.;;;2025-07-12 04:34:04.543013;Add custom SCPs if required;Add custom SCPs if required;SCPs;;;IAM;Manual;MANUAL;Manual check;manual_check;manual;False;Manual check
aws;Checklist when onboarding new AWS Accounts to existing AWS Organization.;;;2025-07-12 04:34:04.543013;Send DNS Resolvers queries to SIEM;Send DNS Resolvers queries to SIEM;Logging;;;Logging;Manual;MANUAL;Manual check;manual_check;manual;False;Manual check
aws;Checklist when onboarding new AWS Accounts to existing AWS Organization.;;;2025-07-12 04:34:04.543013;Establish ready-to-be-enabled pipelines to deliver ALB and CFD to SIEM to toggle in case of emergency and investigations;Establish ready-to-be-enabled pipelines to deliver ALB and CFD to SIEM to toggle in case of emergency and investigations;Logging;;;Logging;Manual;MANUAL;Manual check;manual_check;manual;False;Manual check
aws;Checklist when onboarding new AWS Accounts to existing AWS Organization.;;;2025-07-12 04:34:04.543013;Alerts based on aggregated findings with severity Medium and below;Alert based on aggregated findings with severity Medium and below;Alerting;GuardDuty;;GuardDuty;Manual;MANUAL;Manual check;manual_check;manual;False;Manual check
aws;Checklist when onboarding new AWS Accounts to existing AWS Organization.;;;2025-07-12 04:34:04.543013;Alert on IAM user changes;Alert on IAM user changes;Alerting;CloudTrail;;CloudTrail;Manual;MANUAL;Manual check;manual_check;manual;False;Manual check
aws;Checklist when onboarding new AWS Accounts to existing AWS Organization.;;;2025-07-12 04:34:04.543013;Alert on snapshot manipulations;Alert when a snapshot is manipulated;Alerting;CloudTrail;;CloudTrail;Manual;MANUAL;Manual check;manual_check;manual;False;Manual check
aws;Checklist when onboarding new AWS Accounts to existing AWS Organization.;;;2025-07-12 04:34:04.543013;Alerts on raised cost anomaly events;Alert when cost anomaly events are raised;Alerting;Cost Anomaly;;Billing;Manual;MANUAL;Manual check;manual_check;manual;False;Manual check
aws;Checklist when onboarding new AWS Accounts to existing AWS Organization.;;;2025-07-12 04:34:04.543013;Alerts based on (at least) each new CRITICAL finding;Alerts triggered by every new CRITICAL finding, at a minimum.;Alerting;SecurityHub;;SecurityHub;Manual;MANUAL;Manual check;manual_check;manual;False;Manual check
aws;Checklist when onboarding new AWS Accounts to existing AWS Organization.;;;2025-07-12 04:34:04.543013;Realert on inactivity in a set period;Activate a re-alert system for detecting inactivity within a specified time frame.;Alerting;SecurityHub;;SecurityHub;Manual;MANUAL;Manual check;manual_check;manual;False;Manual check
aws;Checklist when onboarding new AWS Accounts to existing AWS Organization.;;;2025-07-12 04:34:04.543013;Alerts based on rate-based rules;Notifications triggered by rate-based regulations;Alerting;WAF;;WAF;Manual;MANUAL;Manual check;manual_check;manual;False;Manual check
aws;Checklist when onboarding new AWS Accounts to existing AWS Organization.;;;2025-07-12 04:34:04.543013;Alerts based on high amount of blocked requests by managed rules;Notifications triggered by a significant number of blocked requests as a result of managed rules.;Alerting;WAF;;WAF;Manual;MANUAL;Manual check;manual_check;manual;False;Manual check
aws;Checklist when onboarding new AWS Accounts to existing AWS Organization.;;;2025-07-12 04:34:04.543013;Alert based on DDoSDetected metric;Generate an alert triggered by the detection of a DDoS attack based on the DDoSDetected metric.;Alerting;Shield;;Shield;Manual;MANUAL;Manual check;manual_check;manual;False;Manual check
aws;Checklist when onboarding new AWS Accounts to existing AWS Organization.;;;2025-07-12 04:34:04.543013;Adopt incident response guide and prepared battle card;Utilize the incident response manual and have the battle card ready for use.;Alerting;Shield;;Shield;Manual;MANUAL;Manual check;manual_check;manual;False;Manual check
aws;Checklist when onboarding new AWS Accounts to existing AWS Organization.;;;2025-07-12 04:34:04.543013;Alert on blocked DNS query;Notify when a DNS query is obstructed.;Alerting;R53 DNS Resolver;;Route53;Manual;MANUAL;Manual check;manual_check;manual;False;Manual check
aws;Checklist when onboarding new AWS Accounts to existing AWS Organization.;;;2025-07-12 04:34:04.543013;Alert on critical vulnerabilities in AMIs/Images;Notification regarding severe vulnerabilities detected in AMIs/Images.;Alerting;Vulnerability Scanning;;Inspector;Manual;MANUAL;Manual check;manual_check;manual;False;Manual check
aws;Checklist when onboarding new AWS Accounts to existing AWS Organization.;;;2025-07-12 04:34:04.543013;Create Cost Anomaly Detection monitors to alert spending anomalies;Develop monitoring systems for detecting cost anomalies and generating alerts for irregular spending patterns.;Budget Alarms;Prod;;CloudWatch;Manual;MANUAL;Manual check;manual_check;manual;False;Manual check
aws;Checklist when onboarding new AWS Accounts to existing AWS Organization.;;;2025-07-12 04:34:04.543013;Create Cost Anomaly Detection monitors to alert spending anomalies;Establish monitoring systems for cost anomaly detection to promptly notify about unusual spending patterns.;Budget Alarms;QA;;CloudWatch;Manual;MANUAL;Manual check;manual_check;manual;False;Manual check
aws;Checklist when onboarding new AWS Accounts to existing AWS Organization.;;;2025-07-12 04:34:04.543013;Configure Budgets Actions to stop services in cases of big unexpected spendings;Set up Budgets Actions to halt services when significant unexpected expenses occur.;Budget Alarms;QA;;SNS;Manual;MANUAL;Manual check;manual_check;manual;False;Manual check
aws;Checklist when onboarding new AWS Accounts to existing AWS Organization.;;;2025-07-12 04:34:04.543013;Export scan results as metrics in centralized collector;Generate metric data from scan results and store it in a centralized collector.;Vulnerability Scanning;ECR used as docker images hub;;ECR;Manual;MANUAL;Manual check;manual_check;manual;False;Manual check
aws;Checklist when onboarding new AWS Accounts to existing AWS Organization.;;;2025-07-12 04:34:04.543013;Consider periodic recording for some resources to optimize bill;Think about implementing scheduled monitoring for specific resources in order to maximize cost efficiency.;Enable AWS Config;;;Config;Manual;MANUAL;Manual check;manual_check;manual;False;Manual check
aws;Checklist when onboarding new AWS Accounts to existing AWS Organization.;;;2025-07-12 04:34:04.543013;EKS protection (if EKS is used);Enhanced Kubernetes Security (EKS) protection, if the Kubernetes service is employed.;Enable GuardDuty;;;EKS;Optional;MANUAL;Manual check;manual_check;manual;False;Manual check
aws;Checklist when onboarding new AWS Accounts to existing AWS Organization.;;;2025-07-12 04:34:04.543013;Use strictly AWS VPC DNS resolver;Exclusively Employ Amazon Web Services (AWS) Virtual Private Cloud (VPC) DNS Resolver;R53 DNS Resolver Firewall;;;Route53;Manual;MANUAL;Manual check;manual_check;manual;False;Manual check
aws;Checklist when onboarding new AWS Accounts to existing AWS Organization.;;;2025-07-12 04:34:04.543013;Ban outbound DNS calls from all VPCs to ports 53;Prohibit all Virtual Private Clouds (VPCs) from initiating outbound DNS calls on port 53.;R53 DNS Resolver Firewall;;;Route53;Manual;MANUAL;Manual check;manual_check;manual;False;Manual check
aws;Checklist when onboarding new AWS Accounts to existing AWS Organization.;;;2025-07-12 04:34:04.543013;Apply custom threat list for GuardDuty to alert on access to DoH servers;Implement a customized threat list within GuardDuty to generate alerts when there is access to Domain Name System over HTTPS (DoH) servers.;R53 DNS Resolver Firewall;;;Route53;Manual;MANUAL;Manual check;manual_check;manual;False;Manual check
aws;Checklist when onboarding new AWS Accounts to existing AWS Organization.;;;2025-07-12 04:34:04.543013;Export metrics in centralized collector;Exporting metrics to a centralized collector for data aggregation and analysis.;Shield Advanced;;;Shield Advanced;Manual;MANUAL;Manual check;manual_check;manual;False;Manual check
aws;Checklist when onboarding new AWS Accounts to existing AWS Organization.;;;2025-07-12 04:34:04.543013;Blanket rate-based rules;Establishing rules based on a standardized, all-encompassing rate.;WAFv2;Deploy WAF setup for each public web service;;WAFv2;Must;MANUAL;Manual check;manual_check;manual;False;Manual check
aws;Checklist when onboarding new AWS Accounts to existing AWS Organization.;;;2025-07-12 04:34:04.543013;Additional managed rules;Supplementary managed rules;WAFv2;Deploy WAF setup for each public web service;;WAFv2;Discuss;MANUAL;Manual check;manual_check;manual;False;Manual check
aws;Checklist when onboarding new AWS Accounts to existing AWS Organization.;;;2025-07-12 04:34:04.543013;Enable Shield Advanced automatic application layer DDoS mitigation;Activate automatic application layer Distributed Denial of Service (DDoS) mitigation within Shield Advanced.;WAFv2;;;Shield Advanced;Manual;MANUAL;Manual check;manual_check;manual;False;Manual check
aws;Checklist when onboarding new AWS Accounts to existing AWS Organization.;;;2025-07-12 04:34:04.543013;Configure R53 health checks for all protected resources;Establishing Amazon Route 53 (R53) health checks to monitor the well-being of all safeguarded resources.;WAFv2;;;Route53;Manual;MANUAL;Manual check;manual_check;manual;False;Manual check
aws;Checklist when onboarding new AWS Accounts to existing AWS Organization.;;;2025-07-12 04:34:04.543013;Configure sensitive fields redaction and send WAF logs to SIEM;Configure the redaction of sensitive fields and transmit Web Application Firewall (WAF) logs to the Security Information and Event Management (SIEM) system.;WAFv2;;;WAFv2;Manual;MANUAL;Manual check;manual_check;manual;False;Manual check
