PROVIDER;DESCRIPTION;ACCOUNTID;REGION;ASSESSMENTDATE;REQUIREMENTS_ID;REQUIREMENTS_DESCRIPTION;REQUIREMENTS_ATTRIBUTES_SECTION;REQUIREMENTS_ATTRIBUTES_SUBSECTION;REQUIREMENTS_ATTRIBUTES_SUBGROUP;REQUIREMENTS_ATTRIBUTES_SERVICE;REQUIREMENTS_ATTRIBUTES_TYPE;STATUS;STATUSEXTENDED;RESOURCEID;CHECKID;MUTED;RESOURCENAME
aws;AWS Control Tower is a management and governance service that you can use to navigate through the setup process and governance requirements that are involved in creating a multi-account AWS environment.;980921724959;us-east-1;2025-07-12 04:34:04.543013;3.0.3;Checks whether the root user of your AWS account requires multi-factor authentication for console sign-in.;Multi-Factor Authentication;;;iam;;FAIL;Root account has a virtual MFA instead of a hardware MFA device enabled.;arn:aws:iam:us-east-1:980921724959:mfa;iam_root_hardware_mfa_enabled;False;<root_account>
aws;AWS Control Tower is a management and governance service that you can use to navigate through the setup process and governance requirements that are involved in creating a multi-account AWS environment.;980921724959;us-east-1;2025-07-12 04:34:04.543013;3.0.1;Checks whether the AWS Identity and Access Management users have multi-factor authentication (MFA) enabled.;Multi-Factor Authentication;;;iam;;PASS;MFA is enabled for root account.;arn:aws:iam::980921724959:root;iam_root_mfa_enabled;False;<root_account>
aws;AWS Control Tower is a management and governance service that you can use to navigate through the setup process and governance requirements that are involved in creating a multi-account AWS environment.;980921724959;us-east-1;2025-07-12 04:34:04.543013;3.0.2;Checks whether AWS Multi-Factor Authentication (MFA) is enabled for all AWS Identity and Access Management (IAM) users that use a console password.;Multi-Factor Authentication;;;iam;;PASS;MFA is enabled for root account.;arn:aws:iam::980921724959:root;iam_root_mfa_enabled;False;<root_account>
aws;AWS Control Tower is a management and governance service that you can use to navigate through the setup process and governance requirements that are involved in creating a multi-account AWS environment.;980921724959;us-east-1;2025-07-12 04:34:04.543013;3.0.3;Checks whether the root user of your AWS account requires multi-factor authentication for console sign-in.;Multi-Factor Authentication;;;iam;;PASS;MFA is enabled for root account.;arn:aws:iam::980921724959:root;iam_root_mfa_enabled;False;<root_account>
aws;AWS Control Tower is a management and governance service that you can use to navigate through the setup process and governance requirements that are involved in creating a multi-account AWS environment.;980921724959;us-east-1;2025-07-12 04:34:04.543013;3.0.1;Checks whether the AWS Identity and Access Management users have multi-factor authentication (MFA) enabled.;Multi-Factor Authentication;;;iam;;FAIL;User dd_s3_user does not have any type of MFA enabled.;arn:aws:iam::980921724959:user/dd_s3_user;iam_user_hardware_mfa_enabled;False;dd_s3_user
aws;AWS Control Tower is a management and governance service that you can use to navigate through the setup process and governance requirements that are involved in creating a multi-account AWS environment.;980921724959;us-east-1;2025-07-12 04:34:04.543013;3.0.2;Checks whether AWS Multi-Factor Authentication (MFA) is enabled for all AWS Identity and Access Management (IAM) users that use a console password.;Multi-Factor Authentication;;;iam;;FAIL;User dd_s3_user does not have any type of MFA enabled.;arn:aws:iam::980921724959:user/dd_s3_user;iam_user_hardware_mfa_enabled;False;dd_s3_user
aws;AWS Control Tower is a management and governance service that you can use to navigate through the setup process and governance requirements that are involved in creating a multi-account AWS environment.;980921724959;us-east-1;2025-07-12 04:34:04.543013;3.0.1;Checks whether the AWS Identity and Access Management users have multi-factor authentication (MFA) enabled.;Multi-Factor Authentication;;;iam;;FAIL;User ramanatech_user1 does not have any type of MFA enabled.;arn:aws:iam::980921724959:user/ramanatech_user1;iam_user_hardware_mfa_enabled;False;ramanatech_user1
aws;AWS Control Tower is a management and governance service that you can use to navigate through the setup process and governance requirements that are involved in creating a multi-account AWS environment.;980921724959;us-east-1;2025-07-12 04:34:04.543013;3.0.2;Checks whether AWS Multi-Factor Authentication (MFA) is enabled for all AWS Identity and Access Management (IAM) users that use a console password.;Multi-Factor Authentication;;;iam;;FAIL;User ramanatech_user1 does not have any type of MFA enabled.;arn:aws:iam::980921724959:user/ramanatech_user1;iam_user_hardware_mfa_enabled;False;ramanatech_user1
aws;AWS Control Tower is a management and governance service that you can use to navigate through the setup process and governance requirements that are involved in creating a multi-account AWS environment.;980921724959;us-east-1;2025-07-12 04:34:04.543013;3.0.1;Checks whether the AWS Identity and Access Management users have multi-factor authentication (MFA) enabled.;Multi-Factor Authentication;;;iam;;FAIL;User ramanatech_user2 does not have any type of MFA enabled.;arn:aws:iam::980921724959:user/ramanatech_user2;iam_user_hardware_mfa_enabled;False;ramanatech_user2
aws;AWS Control Tower is a management and governance service that you can use to navigate through the setup process and governance requirements that are involved in creating a multi-account AWS environment.;980921724959;us-east-1;2025-07-12 04:34:04.543013;3.0.2;Checks whether AWS Multi-Factor Authentication (MFA) is enabled for all AWS Identity and Access Management (IAM) users that use a console password.;Multi-Factor Authentication;;;iam;;FAIL;User ramanatech_user2 does not have any type of MFA enabled.;arn:aws:iam::980921724959:user/ramanatech_user2;iam_user_hardware_mfa_enabled;False;ramanatech_user2
aws;AWS Control Tower is a management and governance service that you can use to navigate through the setup process and governance requirements that are involved in creating a multi-account AWS environment.;980921724959;us-east-1;2025-07-12 04:34:04.543013;3.0.1;Checks whether the AWS Identity and Access Management users have multi-factor authentication (MFA) enabled.;Multi-Factor Authentication;;;iam;;PASS;User dd_s3_user does not have Console Password enabled.;arn:aws:iam::980921724959:user/dd_s3_user;iam_user_mfa_enabled_console_access;False;dd_s3_user
aws;AWS Control Tower is a management and governance service that you can use to navigate through the setup process and governance requirements that are involved in creating a multi-account AWS environment.;980921724959;us-east-1;2025-07-12 04:34:04.543013;3.0.2;Checks whether AWS Multi-Factor Authentication (MFA) is enabled for all AWS Identity and Access Management (IAM) users that use a console password.;Multi-Factor Authentication;;;iam;;PASS;User dd_s3_user does not have Console Password enabled.;arn:aws:iam::980921724959:user/dd_s3_user;iam_user_mfa_enabled_console_access;False;dd_s3_user
aws;AWS Control Tower is a management and governance service that you can use to navigate through the setup process and governance requirements that are involved in creating a multi-account AWS environment.;980921724959;us-east-1;2025-07-12 04:34:04.543013;3.0.3;Checks whether the root user of your AWS account requires multi-factor authentication for console sign-in.;Multi-Factor Authentication;;;iam;;PASS;User dd_s3_user does not have Console Password enabled.;arn:aws:iam::980921724959:user/dd_s3_user;iam_user_mfa_enabled_console_access;False;dd_s3_user
aws;AWS Control Tower is a management and governance service that you can use to navigate through the setup process and governance requirements that are involved in creating a multi-account AWS environment.;980921724959;us-east-1;2025-07-12 04:34:04.543013;3.0.1;Checks whether the AWS Identity and Access Management users have multi-factor authentication (MFA) enabled.;Multi-Factor Authentication;;;iam;;PASS;User ramanatech_user1 does not have Console Password enabled.;arn:aws:iam::980921724959:user/ramanatech_user1;iam_user_mfa_enabled_console_access;False;ramanatech_user1
aws;AWS Control Tower is a management and governance service that you can use to navigate through the setup process and governance requirements that are involved in creating a multi-account AWS environment.;980921724959;us-east-1;2025-07-12 04:34:04.543013;3.0.2;Checks whether AWS Multi-Factor Authentication (MFA) is enabled for all AWS Identity and Access Management (IAM) users that use a console password.;Multi-Factor Authentication;;;iam;;PASS;User ramanatech_user1 does not have Console Password enabled.;arn:aws:iam::980921724959:user/ramanatech_user1;iam_user_mfa_enabled_console_access;False;ramanatech_user1
aws;AWS Control Tower is a management and governance service that you can use to navigate through the setup process and governance requirements that are involved in creating a multi-account AWS environment.;980921724959;us-east-1;2025-07-12 04:34:04.543013;3.0.3;Checks whether the root user of your AWS account requires multi-factor authentication for console sign-in.;Multi-Factor Authentication;;;iam;;PASS;User ramanatech_user1 does not have Console Password enabled.;arn:aws:iam::980921724959:user/ramanatech_user1;iam_user_mfa_enabled_console_access;False;ramanatech_user1
aws;AWS Control Tower is a management and governance service that you can use to navigate through the setup process and governance requirements that are involved in creating a multi-account AWS environment.;980921724959;us-east-1;2025-07-12 04:34:04.543013;3.0.1;Checks whether the AWS Identity and Access Management users have multi-factor authentication (MFA) enabled.;Multi-Factor Authentication;;;iam;;PASS;User ramanatech_user2 does not have Console Password enabled.;arn:aws:iam::980921724959:user/ramanatech_user2;iam_user_mfa_enabled_console_access;False;ramanatech_user2
aws;AWS Control Tower is a management and governance service that you can use to navigate through the setup process and governance requirements that are involved in creating a multi-account AWS environment.;980921724959;us-east-1;2025-07-12 04:34:04.543013;3.0.2;Checks whether AWS Multi-Factor Authentication (MFA) is enabled for all AWS Identity and Access Management (IAM) users that use a console password.;Multi-Factor Authentication;;;iam;;PASS;User ramanatech_user2 does not have Console Password enabled.;arn:aws:iam::980921724959:user/ramanatech_user2;iam_user_mfa_enabled_console_access;False;ramanatech_user2
aws;AWS Control Tower is a management and governance service that you can use to navigate through the setup process and governance requirements that are involved in creating a multi-account AWS environment.;980921724959;us-east-1;2025-07-12 04:34:04.543013;3.0.3;Checks whether the root user of your AWS account requires multi-factor authentication for console sign-in.;Multi-Factor Authentication;;;iam;;PASS;User ramanatech_user2 does not have Console Password enabled.;arn:aws:iam::980921724959:user/ramanatech_user2;iam_user_mfa_enabled_console_access;False;ramanatech_user2
aws;AWS Control Tower is a management and governance service that you can use to navigate through the setup process and governance requirements that are involved in creating a multi-account AWS environment.;980921724959;us-east-1;2025-07-12 04:34:04.543013;4.1.1;Checks that your S3 buckets do not allow public read access.;Disallow Public Access;;;s3;;FAIL;Block Public Access is not configured for the account 980921724959.;arn:aws:s3:us-east-1:980921724959:account;s3_account_level_public_access_blocks;False;980921724959
aws;AWS Control Tower is a management and governance service that you can use to navigate through the setup process and governance requirements that are involved in creating a multi-account AWS environment.;980921724959;us-east-1;2025-07-12 04:34:04.543013;5.1.1;Checks whether versioning is enabled for your S3 buckets.;Disallow Instances;;;s3;;FAIL;S3 Bucket www.deepdefence.co has versioning disabled.;arn:aws:s3:::www.deepdefence.co;s3_bucket_object_versioning;False;www.deepdefence.co
aws;AWS Control Tower is a management and governance service that you can use to navigate through the setup process and governance requirements that are involved in creating a multi-account AWS environment.;980921724959;us-east-1;2025-07-12 04:34:04.543013;4.1.2;Checks that your S3 buckets do not allow public write access.;Disallow Public Access;;;s3;;PASS;S3 Bucket www.deepdefence.co does not allow public write access in the bucket policy.;arn:aws:s3:::www.deepdefence.co;s3_bucket_policy_public_write_access;False;www.deepdefence.co
aws;AWS Control Tower is a management and governance service that you can use to navigate through the setup process and governance requirements that are involved in creating a multi-account AWS environment.;980921724959;us-east-1;2025-07-12 04:34:04.543013;4.1.1;Checks that your S3 buckets do not allow public read access.;Disallow Public Access;;;s3;;FAIL;S3 Bucket www.deepdefence.co has public access due to bucket policy.;arn:aws:s3:::www.deepdefence.co;s3_bucket_public_access;False;www.deepdefence.co
aws;AWS Control Tower is a management and governance service that you can use to navigate through the setup process and governance requirements that are involved in creating a multi-account AWS environment.;980921724959;us-east-1;2025-07-12 04:34:04.543013;4.1.1;Checks that your S3 buckets do not allow public read access.;Disallow Public Access;;;s3;;PASS;S3 Bucket www.deepdefence.co is not publicly listable.;arn:aws:s3:::www.deepdefence.co;s3_bucket_public_list_acl;False;www.deepdefence.co
aws;AWS Control Tower is a management and governance service that you can use to navigate through the setup process and governance requirements that are involved in creating a multi-account AWS environment.;;;2025-07-12 04:34:04.543013;1.0.1;Checks whether EBS optimization is enabled for your EC2 instances that can be EBS-optimized;EBS checks;;;ebs;;MANUAL;Manual check;manual_check;manual;False;Manual check
